JID,Journal Name,JCR_Abbrev,Field,issn,e_issn,issn_fixed,JCR_Rank,IF,Publisher,Publisher_WoS,Policy,Year_policy,checked_last_on,Group,openalex_URL,oa_id,NLM_ISSN,URL,URL2,NLM,FLAG,Policy_location,All_Fields
1,CIRCULATION,CIRCULATION,CARDIAC & CARDIOVASCULAR SYSTEMS,0009-7322,1524-4539,0009-7322,3,30,LIPPINCOTT WILLIAMS & WILKINS,LIPPINCOTT WILLIAMS & WILKINS,1,2019,4/2/2025,1,https://www.ahajournals.org/journal/circ,https://openalex.org/S116251202,https://www.ncbi.nlm.nih.gov/nlmcatalog/147763,https://www.ahajournals.org/journal/circ,,https://www.ncbi.nlm.nih.gov/nlmcatalog/499855,FALSE,https://www.ahajournals.org/figure-guidelines,CARDIAC & CARDIOVASCULAR SYSTEMS; PERIPHERAL VASCULAR DISEASE
2,JOURNAL OF HEART AND LUNG TRANSPLANTATION,J HEART LUNG TRANSPL,CARDIAC & CARDIOVASCULAR SYSTEMS,1053-2498,1557-3117,1053-2498,13,10.2,ELSEVIER SCIENCE INC/ Journal of the American College of Cardiology,ELSEVIER SCIENCE INC,0,,,1,https://www.journals.elsevier.com/the-journal-of-heart-and-lung-transplantation,https://openalex.org/S42270594,https://www.ncbi.nlm.nih.gov/nlmcatalog/9102703,https://www.sciencedirect.com/journal/the-journal-of-heart-and-lung-transplantation,https://www.jhltonline.org/,https://www.ncbi.nlm.nih.gov/nlmcatalog/495352,FALSE,,CARDIAC & CARDIOVASCULAR SYSTEMS; RESPIRATORY SYSTEM; SURGERY; TRANSPLANTATION
3,EUROPEAN JOURNAL OF HEART FAILURE,EUR J HEART FAIL,CARDIAC & CARDIOVASCULAR SYSTEMS,1388-9842,1879-0844,1388-9842,7,15.5,WILEY,WILEY,0,,,1,https://onlinelibrary.wiley.com/journal/18790844,https://openalex.org/S87609158,https://www.ncbi.nlm.nih.gov/nlmcatalog/100887595,https://onlinelibrary.wiley.com/journal/18790844,https://academic.oup.com/eurjhf,https://www.ncbi.nlm.nih.gov/nlmcatalog/101669191,FALSE,,CARDIAC & CARDIOVASCULAR SYSTEMS
4,CIRCULATION RESEARCH,CIRC RES,CARDIAC & CARDIOVASCULAR SYSTEMS,0009-7330,1524-4571,0009-7330,5,29.7,LIPPINCOTT WILLIAMS & WILKINS,LIPPINCOTT WILLIAMS & WILKINS,1,2019,4/2/2025,2,https://www.ahajournals.org/journal/res,https://openalex.org/S10652568,https://www.ncbi.nlm.nih.gov/nlmcatalog/0047103,https://www.ahajournals.org/journal/res,https://www.ncbi.nlm.nih.gov/nlmcatalog/47103,https://www.ncbi.nlm.nih.gov/nlmcatalog/8705052,FALSE,https://www.ahajournals.org/res/author-instructions,CARDIAC & CARDIOVASCULAR SYSTEMS; PERIPHERAL VASCULAR DISEASE; HEMATOLOGY
5,BASIC RESEARCH IN CARDIOLOGY,BASIC RES CARDIOL,CARDIAC & CARDIOVASCULAR SYSTEMS,0300-8428,1435-1803,0300-8428,6,29.7,SPRINGER HEIDELBERG,SPRINGER HEIDELBERG,0,,,2,https://link.springer.com/journal/395,https://openalex.org/S133907260,https://www.ncbi.nlm.nih.gov/nlmcatalog/360342,https://link.springer.com/journal/395,https://www.springermedicine.com/basic-research-in-cardiology/20428892,https://www.ncbi.nlm.nih.gov/nlmcatalog/9312361,FALSE,,CARDIAC & CARDIOVASCULAR SYSTEMS
6,European Journal of Preventive Cardiology,EUR J PREV CARDIOL,CARDIAC & CARDIOVASCULAR SYSTEMS,2047-4873,2047-4881,2047-4873,18,7.8,OXFORD UNIV PRESS,OXFORD UNIV PRESS,0,,,2,https://academic.oup.com/eurjpc,https://openalex.org/S201064403,https://www.ncbi.nlm.nih.gov/nlmcatalog/101564430,https://academic.oup.com/eurjpc/pages/about,https://www.escardio.org/publications/journals/european-journal-preventive-cardiology/,https://www.ncbi.nlm.nih.gov/nlmcatalog/101564430,TRUE,,CARDIAC & CARDIOVASCULAR SYSTEMS
7,Circulation-Cardiovascular Imaging,CIRC-CARDIOVASC IMAG,CARDIAC & CARDIOVASCULAR SYSTEMS,1941-9651,1942-0080,1941-9651,19,7.8,OXFORD UNIV PRESS,LIPPINCOTT WILLIAMS & WILKINS,1,2019,4/2/2025,3,https://www.ahajournals.org/journal/circimaging,https://openalex.org/S110626636,https://www.ncbi.nlm.nih.gov/nlmcatalog/101479935,https://www.ahajournals.org/journal/circimaging,,https://www.ncbi.nlm.nih.gov/nlmcatalog/101479935,TRUE,https://www.ahajournals.org/figure-guidelines,"CARDIAC & CARDIOVASCULAR SYSTEMS; RADIOLOGY, NUCLEAR MEDICINE & MEDICAL IMAGING"
8,Journal of Cardiovascular Computed Tomography,J CARDIOVASC COMPUT,CARDIAC & CARDIOVASCULAR SYSTEMS,1934-5925,1934-5925,1934-5925,52,4.3,ELSEVIER SCIENCE INC,ELSEVIER SCIENCE INC,0,,,3,https://www.journals.elsevier.com/journal-of-cardiovascular-computed-tomography,https://openalex.org/S331060,https://www.ncbi.nlm.nih.gov/nlmcatalog/101308347,https://www.sciencedirect.com/journal/journal-of-cardiovascular-computed-tomography,https://www.journalofcardiovascularct.com/,https://www.ncbi.nlm.nih.gov/nlmcatalog/101308347,TRUE,,"CARDIAC & CARDIOVASCULAR SYSTEMS; RADIOLOGY, NUCLEAR MEDICINE & MEDICAL IMAGING"
9,INTERNATIONAL JOURNAL OF CARDIOVASCULAR IMAGING,INT J CARDIOVAS IMAG,CARDIAC & CARDIOVASCULAR SYSTEMS,1569-5794,1573-0743,1569-5794,91,2.4,SPRINGER,SPRINGER,0,,,3,https://link.springer.com/journal/10554,https://openalex.org/S43043541,https://www.ncbi.nlm.nih.gov/nlmcatalog/8600426,https://link.springer.com/journal/10554,https://www.springermedicine.com/the-international-journal-of-cardiovascular-imaging/20514992,https://www.ncbi.nlm.nih.gov/nlmcatalog/100969716,FALSE,,"CARDIAC & CARDIOVASCULAR SYSTEMS; RADIOLOGY, NUCLEAR MEDICINE & MEDICAL IMAGING"
10,Circulation-Arrhythmia and Electrophysiology,CIRC-ARRHYTHMIA ELEC,CARDIAC & CARDIOVASCULAR SYSTEMS,1941-3149,1941-3084,1941-3149,23,6.6,LIPPINCOTT WILLIAMS & WILKINS,LIPPINCOTT WILLIAMS & WILKINS,1,2019,4/2/2025,4,https://www.ahajournals.org/journal/circep,https://openalex.org/S28979613,https://www.ncbi.nlm.nih.gov/nlmcatalog/101474365,https://www.ahajournals.org/journal/circep,https://www.ncbi.nlm.nih.gov/nlmcatalog?sort=date&term=%22Circ+Arrhythm+Electrophysiol%22%5BTitle+Abbreviation%5D,https://www.ncbi.nlm.nih.gov/nlmcatalog/101474365,TRUE,https://www.ahajournals.org/figure-guidelines,CARDIAC & CARDIOVASCULAR SYSTEMS
11,EUROPACE,EUROPACE,CARDIAC & CARDIOVASCULAR SYSTEMS,1099-5129,1532-2092,1099-5129,40,5.2,OXFORD UNIV PRESS,OXFORD UNIV PRESS,0,,,4,http://europace.oxfordjournals.org/,https://openalex.org/S46732370,https://www.ncbi.nlm.nih.gov/nlmcatalog/100883649,https://academic.oup.com/europace,https://www.escardio.org/publications/journals/ep-europace/,https://www.ncbi.nlm.nih.gov/nlmcatalog/101134447,FALSE,,CARDIAC & CARDIOVASCULAR SYSTEMS
12,JOURNAL OF CARDIAC FAILURE,J CARD FAIL,CARDIAC & CARDIOVASCULAR SYSTEMS,1071-9164,1532-8414,1071-9164,34,5.7,CHURCHILL LIVINGSTONE INC MEDICAL PUBLISHERS,CHURCHILL LIVINGSTONE INC MEDICAL PUBLISHERS,0,,,4,https://www.journals.elsevier.com/journal-of-cardiac-failure,https://openalex.org/S67869649,https://www.ncbi.nlm.nih.gov/nlmcatalog/9442138,https://www.sciencedirect.com/journal/journal-of-cardiac-failure,https://onlinejcf.com/,https://www.ncbi.nlm.nih.gov/nlmcatalog/9442138,TRUE,,CARDIAC & CARDIOVASCULAR SYSTEMS
13,Circulation-Cardiovascular Interventions,CIRC-CARDIOVASC INTE,CARDIAC & CARDIOVASCULAR SYSTEMS,1941-7640,1941-7632,1941-7640,24,6.5,LIPPINCOTT WILLIAMS & WILKINS,LIPPINCOTT WILLIAMS & WILKINS,1,2019,4/2/2025,5,https://www.ahajournals.org/journal/circinterventions,https://openalex.org/S177226689,https://www.ncbi.nlm.nih.gov/nlmcatalog/101499602,http://circinterventions.ahajournals.org/,https://www.ncbi.nlm.nih.gov/nlmcatalog/101499602,https://www.ncbi.nlm.nih.gov/nlmcatalog/101499602,TRUE,https://www.ahajournals.org/figure-guidelines,CARDIAC & CARDIOVASCULAR SYSTEMS
14,Frontiers in Cardiovascular Medicine,FRONT CARDIOVASC MED,CARDIAC & CARDIOVASCULAR SYSTEMS,2297-055X,2297-055X,2297-055X,30,6.1,FRONTIERS MEDIA SA,FRONTIERS MEDIA SA,0,,,5,http://www.frontiersin.org/Cardiovascular_Medicine,https://openalex.org/S2595413687,https://www.ncbi.nlm.nih.gov/nlmcatalog/101653388,http://www.frontiersin.org/Cardiovascular_Medicine,,https://www.ncbi.nlm.nih.gov/nlmcatalog/101653388,TRUE,,CARDIAC & CARDIOVASCULAR SYSTEMS
15,EuroIntervention,EUROINTERVENTION,CARDIAC & CARDIOVASCULAR SYSTEMS,1774-024X,1969-6213,1774-024X,25,6.5,EUROPA EDITION,EUROPA EDITION,0,,,5,https://www.pcronline.com/eurointervention,https://openalex.org/S104576203,https://www.ncbi.nlm.nih.gov/nlmcatalog/101251040,https://eurointervention.pcronline.com/auth-by-ip/,,https://www.ncbi.nlm.nih.gov/nlmcatalog/101251040,TRUE,,CARDIAC & CARDIOVASCULAR SYSTEMS
16,JACC-Clinical Electrophysiology,JACC-CLIN ELECTROPHY,CARDIAC & CARDIOVASCULAR SYSTEMS,2405-500X,2405-5018,2405-500X,26,6.4,ELSEVIER,ELSEVIER,1,2020,4/2/2025,6,https://www.journals.elsevier.com/jacc-clinical-electrophysiology,https://openalex.org/S2898168182,https://www.ncbi.nlm.nih.gov/nlmcatalog/101656995,http://www.sciencedirect.com/science/journal/2405500X,,https://www.ncbi.nlm.nih.gov/nlmcatalog/101656995,TRUE,https://www.sciencedirect.com/journal/jacc-clinical-electrophysiology/publish/guide-for-authors,CARDIAC & CARDIOVASCULAR SYSTEMS
17,HEART RHYTHM,HEART RHYTHM,CARDIAC & CARDIOVASCULAR SYSTEMS,1547-5271,1556-3871,1547-5271,27,6.3,ELSEVIER SCIENCE INC,ELSEVIER SCIENCE INC,0,,,6,https://www.journals.elsevier.com/heart-rhythm,https://openalex.org/S163651451,https://www.ncbi.nlm.nih.gov/nlmcatalog/101200317,http://www.sciencedirect.com/science/journal/15475271,,https://www.ncbi.nlm.nih.gov/nlmcatalog/101200317,TRUE,,CARDIAC & CARDIOVASCULAR SYSTEMS
18,JOURNAL OF CARDIOVASCULAR ELECTROPHYSIOLOGY,J CARDIOVASC ELECTR,CARDIAC & CARDIOVASCULAR SYSTEMS,1045-3873,1540-8167,1045-3873,79,2.871,WILEY,WILEY,0,,,6,http://onlinelibrary.wiley.com/journal/10.1111/(ISSN)1540-8167,https://openalex.org/S143832381,https://www.ncbi.nlm.nih.gov/nlmcatalog/9010756,http://onlinelibrary.wiley.com/journal/10.1111/(ISSN)1540-8167,,https://www.ncbi.nlm.nih.gov/nlmcatalog/9010756,TRUE,,CARDIAC & CARDIOVASCULAR SYSTEMS
19,JACC: CardioOncology,JACC-CARDIOONCOL,CARDIAC & CARDIOVASCULAR SYSTEMS,2666-0873,2666-0873,2666-0873,28,6.3,ELSEVIER,ELSEVIER,1,2021,4/2/2025,7,https://www.journals.elsevier.com/jacc-cardiooncology,https://openalex.org/S4210214127,https://www.ncbi.nlm.nih.gov/nlmcatalog/101761697,https://www.sciencedirect.com/journal/jacc-cardiooncology,,https://www.ncbi.nlm.nih.gov/nlmcatalog/101761697,TRUE,https://www.sciencedirect.com/journal/jacc-cardiooncology/publish/guide-for-authors,CARDIAC & CARDIOVASCULAR SYSTEMS; ONCOLOGY
20,Journal of Cardiovascular Development and Disease,J CARDIOVASC DEV DIS,CARDIAC & CARDIOVASCULAR SYSTEMS,N/A,2308-3425,2308-3425,59,3.9,MDPI,MDPI,0,,,7,http://www.mdpi.com/journal/jcdd,https://openalex.org/S2738607712,https://www.ncbi.nlm.nih.gov/nlmcatalog/101651414,http://www.mdpi.com/journal/jcdd,,https://www.ncbi.nlm.nih.gov/nlmcatalog/101651414,TRUE,,CARDIAC & CARDIOVASCULAR SYSTEMS
21,JOURNAL OF NUCLEAR CARDIOLOGY,J NUCL CARDIOL,CARDIAC & CARDIOVASCULAR SYSTEMS,1071-3581,1532-6551,1071-3581,32,6,SPRINGER,ELSEVIER SCIENCE INC,0,,,7,http://www.springer.com/medicine/cardiology/journal/12350,https://openalex.org/S40505786,https://www.ncbi.nlm.nih.gov/nlmcatalog/9423534,https://link.springer.com/journal/12350,https://www.sciencedirect.com/journal/journal-of-nuclear-cardiology,https://www.ncbi.nlm.nih.gov/nlmcatalog/9423534,TRUE,,"CARDIAC & CARDIOVASCULAR SYSTEMS; RADIOLOGY, NUCLEAR MEDICINE & MEDICAL IMAGING"
22,HEART,HEART,CARDIAC & CARDIOVASCULAR SYSTEMS,1355-6037,1468-201X,1355-6037,31,6,BMJ PUBLISHING GROUP,BMJ PUBLISHING GROUP,1,2014,4/2/2025,8,http://heart.bmj.com/,https://openalex.org/S191565391,https://www.ncbi.nlm.nih.gov/nlmcatalog/9602087,http://heart.bmj.com/,,https://www.ncbi.nlm.nih.gov/nlmcatalog/497231,FALSE,https://heart.bmj.com/pages/authors#submission_guidelines,CARDIAC & CARDIOVASCULAR SYSTEMS
23,European Journal of Cardiovascular Nursing,EUR J CARDIOVASC NUR,CARDIAC & CARDIOVASCULAR SYSTEMS,1474-5151,1873-1953,1474-5151,60,3.9,OXFORD UNIV PRESS,OXFORD UNIV PRESS,0,,,8,https://academic.oup.com/eurjcn,https://openalex.org/S178548257,https://www.ncbi.nlm.nih.gov/nlmcatalog/101128793,https://journals.sagepub.com/home/cnu,https://academic.oup.com/eurjcn,https://www.ncbi.nlm.nih.gov/nlmcatalog/101128793,TRUE,,CARDIAC & CARDIOVASCULAR SYSTEMS; NURSING
24,Clinical Research in Cardiology,CLIN RES CARDIOL,CARDIAC & CARDIOVASCULAR SYSTEMS,1861-0684,1861-0692,1861-0684,36,5.5,SPRINGER HEIDELBERG,SPRINGER HEIDELBERG,0,,,8,https://www.springer.com/journal/392,https://openalex.org/S81098524,https://www.ncbi.nlm.nih.gov/nlmcatalog/101264123,,,https://www.ncbi.nlm.nih.gov/nlmcatalog/101538987,FALSE,,CARDIAC & CARDIOVASCULAR SYSTEMS
25,Circulation-Cardiovascular Quality and Outcomes,CIRC-CARDIOVASC QUAL,CARDIAC & CARDIOVASCULAR SYSTEMS,1941-7705,1941-7713,1941-7705,33,5.9,LIPPINCOTT WILLIAMS & WILKINS,LIPPINCOTT WILLIAMS & WILKINS,1,2019,4/2/2025,9,https://www.ahajournals.org/journal/circoutcomes,https://openalex.org/S52278559,https://www.ncbi.nlm.nih.gov/nlmcatalog/101489148,,,https://www.ncbi.nlm.nih.gov/nlmcatalog/499855,FALSE,https://www.ahajournals.org/figure-guidelines,CARDIAC & CARDIOVASCULAR SYSTEMS
26,ANNALS OF THORACIC SURGERY,ANN THORAC SURG,CARDIAC & CARDIOVASCULAR SYSTEMS,0003-4975,1552-6259,0003-4975,51,4.3,ELSEVIER SCIENCE INC,ELSEVIER SCIENCE INC,0,,,9,http://www.elsevier.com/wps/find/journaldescription.cws_home/505747/description#description,https://openalex.org/S144860794,https://www.ncbi.nlm.nih.gov/nlmcatalog/20795,,,https://www.ncbi.nlm.nih.gov/nlmcatalog/384617,FALSE,,CARDIAC & CARDIOVASCULAR SYSTEMS; RESPIRATORY SYSTEM; SURGERY
27,Journal of Geriatric Cardiology,J GERIATR CARDIOL,CARDIAC & CARDIOVASCULAR SYSTEMS,1671-5411,N/A,1671-5411,65,3.3,SCIENCE PRESS,TSINGHUA UNIV PRESS,0,,,9,http://www.jgc301.com/ch/index.aspx,https://openalex.org/S2481472796,https://www.ncbi.nlm.nih.gov/nlmcatalog/101237881,,,https://www.ncbi.nlm.nih.gov/nlmcatalog/101237881,TRUE,,CARDIAC & CARDIOVASCULAR SYSTEMS; GERIATRICS & GERONTOLOGY
28,Journal of the American Heart Association,J AM HEART ASSOC,CARDIAC & CARDIOVASCULAR SYSTEMS,2047-9980,2047-9980,2047-9980,35,5.5,WILEY,WILEY,1,2019,4/2/2025,10,https://www.ahajournals.org/journal/jaha,https://openalex.org/S2489920150,https://www.ncbi.nlm.nih.gov/nlmcatalog/101580524,,,https://www.ncbi.nlm.nih.gov/nlmcatalog/101580524,TRUE,https://www.ahajournals.org/figure-guidelines,CARDIAC & CARDIOVASCULAR SYSTEMS
29,CANADIAN JOURNAL OF CARDIOLOGY,CAN J CARDIOL,CARDIAC & CARDIOVASCULAR SYSTEMS,0828-282X,1916-7075,0828-282X,38,5.4,ELSEVIER SCIENCE INC,ELSEVIER SCIENCE INC,0,,,10,https://www.journals.elsevier.com/canadian-journal-of-cardiology,https://openalex.org/S126162762,https://www.ncbi.nlm.nih.gov/nlmcatalog/8510280,,,https://www.ncbi.nlm.nih.gov/nlmcatalog/387025,FALSE,,CARDIAC & CARDIOVASCULAR SYSTEMS
30,American Journal of Cardiovascular Drugs,AM J CARDIOVASC DRUG,CARDIAC & CARDIOVASCULAR SYSTEMS,1175-3277,1179-187X,1175-3277,62,3.6,ADIS INT LTD,ADIS INT LTD,0,,,10,https://link.springer.com/journal/40256,https://openalex.org/S151621711,https://www.ncbi.nlm.nih.gov/nlmcatalog/100967755,,,https://www.ncbi.nlm.nih.gov/nlmcatalog/100967755,TRUE,,CARDIAC & CARDIOVASCULAR SYSTEMS; PHARMACOLOGY & PHARMACY
31,JOURNAL OF MOLECULAR AND CELLULAR CARDIOLOGY,J MOL CELL CARDIOL,CARDIAC & CARDIOVASCULAR SYSTEMS,0022-2828,1095-8584,0022-2828,44,5,ELSEVIER SCI LTD,ELSEVIER SCI LTD,1,2021,4/2/2025,11,https://www.journals.elsevier.com/journal-of-molecular-and-cellular-cardiology,https://openalex.org/S111163638,https://www.ncbi.nlm.nih.gov/nlmcatalog/262322,,,https://www.ncbi.nlm.nih.gov/nlmcatalog/264468,FALSE,https://www.sciencedirect.com/journal/journal-of-molecular-and-cellular-cardiology/publish/guide-for-authors,CARDIAC & CARDIOVASCULAR SYSTEMS; CELL BIOLOGY
32,NUTRITION METABOLISM AND CARDIOVASCULAR DISEASES,NUTR METAB CARDIOVAS,CARDIAC & CARDIOVASCULAR SYSTEMS,0939-4753,1590-3729,0939-4753,53,4.2,ELSEVIER SCI LTD,ELSEVIER SCI LTD,0,,,11,https://www.journals.elsevier.com/nutrition-metabolism-and-cardiovascular-diseases,https://openalex.org/S4455515,https://www.ncbi.nlm.nih.gov/nlmcatalog/9111474,,,https://www.ncbi.nlm.nih.gov/nlmcatalog/9111474,TRUE,,CARDIAC & CARDIOVASCULAR SYSTEMS; ENDOCRINOLOGY & METABOLISM; NUTRITION & DIETETICS
33,ATHEROSCLEROSIS,ATHEROSCLEROSIS,CARDIAC & CARDIOVASCULAR SYSTEMS,0021-9150,1879-1484,0021-9150,43,5.2,ELSEVIER IRELAND LTD,ELSEVIER IRELAND LTD,0,,,11,http://www.elsevier.com/wps/find/journaldescription.cws_home/522790/description,https://openalex.org/S206830620,https://www.ncbi.nlm.nih.gov/nlmcatalog/242543,,,https://www.ncbi.nlm.nih.gov/nlmcatalog/270972,FALSE,,CARDIAC & CARDIOVASCULAR SYSTEMS; PERIPHERAL VASCULAR DISEASE
34,BRAIN,BRAIN,CLINICAL NEUROLOGY,0006-8950,1460-2156,0006-8950,6,13.5,OXFORD UNIV PRESS,OXFORD UNIV PRESS,1,2013,4/2/2025,12,http://brain.oxfordjournals.org/,https://openalex.org/S118357697,https://www.ncbi.nlm.nih.gov/nlmcatalog/372537,,,https://www.ncbi.nlm.nih.gov/nlmcatalog/499595,FALSE,https://academic.oup.com/brain/pages/General_Instructions,CLINICAL NEUROLOGY; NEUROSCIENCES
35,MOVEMENT DISORDERS,MOVEMENT DISORD,CLINICAL NEUROLOGY,0885-3185,1531-8257,0885-3185,10,10.3,WILEY,WILEY,0,,,12,http://www3.interscience.wiley.com/journal/76507419/home,https://openalex.org/S163027424,https://www.ncbi.nlm.nih.gov/nlmcatalog/8610688,,,https://www.ncbi.nlm.nih.gov/nlmcatalog/500078,FALSE,,CLINICAL NEUROLOGY
36,NEURO-ONCOLOGY,NEURO-ONCOLOGY,CLINICAL NEUROLOGY,1522-8517,1523-5866,1522-8517,7,12.3,OXFORD UNIV PRESS INC,OXFORD UNIV PRESS INC,0,,,12,http://neuro-oncology.oxfordjournals.org,https://openalex.org/S106908163,https://www.ncbi.nlm.nih.gov/nlmcatalog/100887420,,,https://www.ncbi.nlm.nih.gov/nlmcatalog/499664,FALSE,,CLINICAL NEUROLOGY; ONCOLOGY
37,STROKE,STROKE,CLINICAL NEUROLOGY,0039-2499,1524-4628,0039-2499,16,7.9,LIPPINCOTT WILLIAMS & WILKINS,LIPPINCOTT WILLIAMS & WILKINS,1,2019,4/2/2025,13,http://stroke.ahajournals.org/,https://openalex.org/S62532593,https://www.ncbi.nlm.nih.gov/nlmcatalog/235266,,,https://www.ncbi.nlm.nih.gov/nlmcatalog/497962,FALSE,https://www.ahajournals.org/figure-guidelines,CLINICAL NEUROLOGY; PERIPHERAL VASCULAR DISEASE
38,NEUROPATHOLOGY AND APPLIED NEUROBIOLOGY,NEUROPATH APPL NEURO,CLINICAL NEUROLOGY,0305-1846,1365-2990,0305-1846,15,8.1,WILEY,WILEY,0,,,13,http://onlinelibrary.wiley.com/journal/10.1111/(ISSN)1365-2990,https://openalex.org/S148217029,https://www.ncbi.nlm.nih.gov/nlmcatalog/7609829,,,https://www.ncbi.nlm.nih.gov/nlmcatalog/7609829,TRUE,,CLINICAL NEUROLOGY; NEUROSCIENCES; PATHOLOGY
39,Neurotherapeutics,NEUROTHERAPEUTICS,CLINICAL NEUROLOGY,1933-7213,1878-7479,1933-7213,17,7.6,SPRINGER,ELSEVIER SCIENCE INC,0,,,13,https://www.springer.com/journal/13311,https://openalex.org/S75519821,https://www.ncbi.nlm.nih.gov/nlmcatalog/101290381,,,https://www.ncbi.nlm.nih.gov/nlmcatalog/101712525,FALSE,,CLINICAL NEUROLOGY; NEUROSCIENCES; PHARMACOLOGY & PHARMACY
40,Nature Metabolism,NAT METAB,ENDOCRINOLOGY & METABOLISM,N/A,2522-5812,2522-5812,6,13.5,NATURE RESEARCH,NATURE PORTFOLIO,1,2013,4/2/2025,14,https://www.nature.com/natmetab/,https://openalex.org/S4210232714,https://www.ncbi.nlm.nih.gov/nlmcatalog/101736592,,,https://www.ncbi.nlm.nih.gov/nlmcatalog/101736592,TRUE,https://www.nature.com/natmetab/submission-guidelines,ENDOCRINOLOGY & METABOLISM
41,Cell Metabolism,CELL METAB,ENDOCRINOLOGY & METABOLISM,1550-4131,1932-7420,1550-4131,3,27.3,CELL PRESS,CELL PRESS,0,,,14,https://www.sciencedirect.com/journal/cell-metabolism,https://openalex.org/S177533077,https://www.ncbi.nlm.nih.gov/nlmcatalog/101233170,,,https://www.ncbi.nlm.nih.gov/nlmcatalog/101761816,FALSE,,CELL BIOLOGY; ENDOCRINOLOGY & METABOLISM
42,DIABETES CARE,DIABETES CARE,ENDOCRINOLOGY & METABOLISM,0149-5992,1935-5548,0149-5992,5,19.1,AMER DIABETES ASSOC,AMER DIABETES ASSOC,0,,,14,http://care.diabetesjournals.org/,https://openalex.org/S49878492,https://www.ncbi.nlm.nih.gov/nlmcatalog/7805975,,,https://www.ncbi.nlm.nih.gov/nlmcatalog/496016,FALSE,,ENDOCRINOLOGY & METABOLISM
43,DIABETOLOGIA,DIABETOLOGIA,ENDOCRINOLOGY & METABOLISM,0012-186X,1432-0428,0012-186X,9,10.1,SPRINGER,SPRINGER,1,2018,4/2/2025,15,http://www.diabetologia-journal.org/,https://openalex.org/S104375418,https://www.ncbi.nlm.nih.gov/nlmcatalog/6777,,,https://www.ncbi.nlm.nih.gov/nlmcatalog/101765129,FALSE,https://diabetologia-journal.org/for-authors-and-reviewers/instructions-to-authors/,ENDOCRINOLOGY & METABOLISM
44,JOURNAL OF PINEAL RESEARCH,J PINEAL RES,ENDOCRINOLOGY & METABOLISM,0742-3098,1935-5548,0742-3098,7,13,WILEY,WILEY,0,,,15,http://onlinelibrary.wiley.com/journal/10.1111/(ISSN)1600-079X,https://openalex.org/S114728194,https://www.ncbi.nlm.nih.gov/nlmcatalog/7805975,,,https://www.ncbi.nlm.nih.gov/nlmcatalog/8504412,FALSE,,ENDOCRINOLOGY & METABOLISM; NEUROSCIENCES; PHYSIOLOGY
45,Cardiovascular Diabetology,CARDIOVASC DIABETOL,ENDOCRINOLOGY & METABOLISM,N/A,1475-2840,1475-2840,10,10,BMC,BMC,0,,,15,http://www.cardiab.biomedcentral.com/,https://openalex.org/S12095120,https://www.ncbi.nlm.nih.gov/nlmcatalog/101147637,,,https://www.ncbi.nlm.nih.gov/nlmcatalog/274301,FALSE,,CARDIAC & CARDIOVASCULAR SYSTEMS; ENDOCRINOLOGY & METABOLISM
46,DIABETES,DIABETES,ENDOCRINOLOGY & METABOLISM,0012-1797,1939-327X,0012-1797,11,9.5,AMER DIABETES ASSOC,AMER DIABETES ASSOC,1,2017,4/2/2025,16,http://diabetes.diabetesjournals.org/,https://openalex.org/S129060628,https://www.ncbi.nlm.nih.gov/nlmcatalog/372763,,,https://www.ncbi.nlm.nih.gov/nlmcatalog/499981,FALSE,https://diabetesjournals.org/diabetes/pages/instructions-for-authors,ENDOCRINOLOGY & METABOLISM
47,METABOLISM-CLINICAL AND EXPERIMENTAL,METABOLISM,ENDOCRINOLOGY & METABOLISM,0026-0495,1532-8600,0026-0495,13,8.7,W B SAUNDERS CO-ELSEVIER INC,W B SAUNDERS CO-ELSEVIER INC,0,,,16,https://www.journals.elsevier.com/metabolism,https://openalex.org/S119661813,https://www.ncbi.nlm.nih.gov/nlmcatalog/375267,,,https://www.ncbi.nlm.nih.gov/nlmcatalog/8707992,FALSE,,ENDOCRINOLOGY & METABOLISM
48,DIABETES OBESITY & METABOLISM,DIABETES OBES METAB,ENDOCRINOLOGY & METABOLISM,1462-8902,1463-1326,1462-8902,21,6.6,WILEY,WILEY,0,,,16,http://onlinelibrary.wiley.com/journal/10.1111/(ISSN)1463-1326,https://openalex.org/S148394532,https://www.ncbi.nlm.nih.gov/nlmcatalog/100883645,,,https://www.ncbi.nlm.nih.gov/nlmcatalog/129633,FALSE,,ENDOCRINOLOGY & METABOLISM
49,ANTIOXIDANTS & REDOX SIGNALING,ANTIOXID REDOX SIGN,ENDOCRINOLOGY & METABOLISM,1523-0864,1557-7716,1523-0864,15,8.4,"MARY ANN LIEBERT, INC","MARY ANN LIEBERT, INC",1,2020,4/2/2025,17,http://www.liebertpub.com/ARS,https://openalex.org/S88052261,https://www.ncbi.nlm.nih.gov/nlmcatalog/100888899,,,https://www.ncbi.nlm.nih.gov/nlmcatalog/100888899,TRUE,https://www.sagepub.com/journals/information-for-authors,BIOCHEMISTRY & MOLECULAR BIOLOGY; ENDOCRINOLOGY & METABOLISM
50,Molecular Metabolism,MOL METAB,ENDOCRINOLOGY & METABOLISM,2212-8778,2212-8778,2212-8778,16,7.4,ELSEVIER,ELSEVIER,0,,,17,https://www.journals.elsevier.com/molecular-metabolism,https://openalex.org/S2764545133,https://www.ncbi.nlm.nih.gov/nlmcatalog/101605730,,,https://www.ncbi.nlm.nih.gov/nlmcatalog/101605730,TRUE,,ENDOCRINOLOGY & METABOLISM
51,FREE RADICAL BIOLOGY AND MEDICINE,FREE RADICAL BIO MED,ENDOCRINOLOGY & METABOLISM,0891-5849,1873-4596,0891-5849,17,7.4,ELSEVIER SCIENCE INC,ELSEVIER SCIENCE INC,0,,,17,http://www.journals.elsevier.com/free-radical-biology-and-medicine/#description,https://openalex.org/S128018148,https://www.ncbi.nlm.nih.gov/nlmcatalog/8709159,,,https://www.ncbi.nlm.nih.gov/nlmcatalog/264448,FALSE,,BIOCHEMISTRY & MOLECULAR BIOLOGY; ENDOCRINOLOGY & METABOLISM
52,JOURNAL OF BONE AND MINERAL RESEARCH,J BONE MINER RES,ENDOCRINOLOGY & METABOLISM,0884-0431,1523-4681,0884-0431,19,6.7,WILEY,OXFORD UNIV PRESS,1,2019,4/2/2025,18,https://academic.oup.com/jbmr,https://openalex.org/S128199769,https://www.ncbi.nlm.nih.gov/nlmcatalog/8610640,,,https://www.ncbi.nlm.nih.gov/nlmcatalog/101707013,FALSE,https://academic.oup.com/jbmr/pages/general-instructions,ENDOCRINOLOGY & METABOLISM
53,EUROPEAN JOURNAL OF ENDOCRINOLOGY,EUR J ENDOCRINOL,ENDOCRINOLOGY & METABOLISM,0804-4643,1479-683X,0804-4643,20,6.7,BIOSCIENTIFICA LTD,OXFORD UNIV PRESS,0,,,18,https://academic.oup.com/ejendo,https://openalex.org/S4210218062,https://www.ncbi.nlm.nih.gov/nlmcatalog/9423848,,,https://www.ncbi.nlm.nih.gov/nlmcatalog/9423848,TRUE,,ENDOCRINOLOGY & METABOLISM
54,THYROID,THYROID,ENDOCRINOLOGY & METABOLISM,1050-7256,1557-9077,1050-7256,22,6.6,"MARY ANN LIEBERT, INC","MARY ANN LIEBERT, INC",0,,,18,http://www.liebertpub.com/products/product.aspx?pid=55,https://openalex.org/S27569427,https://www.ncbi.nlm.nih.gov/nlmcatalog/9104317,,,https://www.ncbi.nlm.nih.gov/nlmcatalog/390361,FALSE,,ENDOCRINOLOGY & METABOLISM
55,JOURNAL OF CEREBRAL BLOOD FLOW AND METABOLISM,J CEREBR BLOOD F MET,ENDOCRINOLOGY & METABOLISM,0271-678X,1559-7016,0271-678X,24,6.2,SAGE PUBLICATIONS INC,SAGE PUBLICATIONS INC,1,2018,4/2/2025,19,https://journals.sagepub.com/home/jcb,https://openalex.org/S89339265,https://www.ncbi.nlm.nih.gov/nlmcatalog/8112566,,,https://www.ncbi.nlm.nih.gov/nlmcatalog/101475385,FALSE,https://www.sagepub.com/journals/information-for-authors/overview,ENDOCRINOLOGY & METABOLISM; HEMATOLOGY; NEUROSCIENCES
56,Diabetes Technology & Therapeutics,DIABETES TECHNOL THE,ENDOCRINOLOGY & METABOLISM,1520-9156,1557-8593,1520-9156,25,6.1,"MARY ANN LIEBERT, INC","MARY ANN LIEBERT, INC",0,,,19,https://www.liebertpub.com/loi/dia,https://openalex.org/S67495602,https://www.ncbi.nlm.nih.gov/nlmcatalog/100889084,,,https://www.ncbi.nlm.nih.gov/nlmcatalog/101282920,FALSE,,ENDOCRINOLOGY & METABOLISM
57,BIOFACTORS,BIOFACTORS,ENDOCRINOLOGY & METABOLISM,0951-6433,1872-8081,0951-6433,26,6.1,WILEY,WILEY,0,,,19,https://iubmb.onlinelibrary.wiley.com/journal/18728081,https://openalex.org/S75531928,https://www.ncbi.nlm.nih.gov/nlmcatalog/8807441,,,https://www.ncbi.nlm.nih.gov/nlmcatalog/9210664,FALSE,,BIOCHEMISTRY & MOLECULAR BIOLOGY; ENDOCRINOLOGY & METABOLISM
58,JOURNAL OF MOLECULAR ENDOCRINOLOGY,J MOL ENDOCRINOL,ENDOCRINOLOGY & METABOLISM,0952-5041,1479-6813,0952-5041,35,5.1,BIOSCIENTIFICA LTD,BIOSCIENTIFICA LTD,1,2020,4/2/2025,20,https://jme.bioscientifica.com/,https://openalex.org/S15622159,https://www.ncbi.nlm.nih.gov/nlmcatalog/8902617,,,https://www.ncbi.nlm.nih.gov/nlmcatalog/8902617,TRUE,https://jme.bioscientifica.com/page/author,ENDOCRINOLOGY & METABOLISM
59,Frontiers in Endocrinology,FRONT ENDOCRINOL,ENDOCRINOLOGY & METABOLISM,1664-2392,1664-2392,1664-2392,32,5.6,FRONTIERS MEDIA SA,FRONTIERS MEDIA SA,0,,,20,http://www.frontiersin.org/endocrinology,https://openalex.org/S2597401208,https://www.ncbi.nlm.nih.gov/nlmcatalog/101555782,,,https://www.ncbi.nlm.nih.gov/nlmcatalog/101555782,TRUE,,ENDOCRINOLOGY & METABOLISM
60,ENDOCRINOLOGY,ENDOCRINOLOGY,ENDOCRINOLOGY & METABOLISM,0013-7227,1945-7170,0013-7227,50,4.7,ENDOCRINE SOC,ENDOCRINE SOC,0,,,20,https://academic.oup.com/endo/,https://openalex.org/S157527038,https://www.ncbi.nlm.nih.gov/nlmcatalog/375040,,,https://www.ncbi.nlm.nih.gov/nlmcatalog/274202,FALSE,,ENDOCRINOLOGY & METABOLISM
61,Nutrition & Diabetes,NUTR DIABETES,ENDOCRINOLOGY & METABOLISM,2044-4052,2044-4052,2044-4052,36,5.1,SPRINGERNATURE,SPRINGERNATURE,1,2013,4/2/2025,21,https://www.nature.com/nutd/,https://openalex.org/S2478262152,https://www.ncbi.nlm.nih.gov/nlmcatalog/101566341,,,https://www.ncbi.nlm.nih.gov/nlmcatalog/136631,FALSE,https://www.nature.com/nutd/authors-and-referees/gta,ENDOCRINOLOGY & METABOLISM; NUTRITION & DIETETICS
62,DIABETES-METABOLISM RESEARCH AND REVIEWS,DIABETES-METAB RES,ENDOCRINOLOGY & METABOLISM,1520-7552,1520-7560,1520-7552,44,4.9,WILEY,WILEY,0,,,21,https://onlinelibrary.wiley.com/journal/15207560,https://openalex.org/S83251063,https://www.ncbi.nlm.nih.gov/nlmcatalog/100883450,,,https://www.ncbi.nlm.nih.gov/nlmcatalog/100883450,TRUE,,ENDOCRINOLOGY & METABOLISM
63,Diabetes & Metabolism Journal,DIABETES METAB J,ENDOCRINOLOGY & METABOLISM,2233-6079,2233-6087,2233-6079,33,5.4,KOREAN DIABETES ASSOC,KOREAN DIABETES ASSOC,0,,,21,http://e-dmj.org/,https://openalex.org/S2737757294,https://www.ncbi.nlm.nih.gov/nlmcatalog/101556588,,,https://www.ncbi.nlm.nih.gov/nlmcatalog/101556588,TRUE,,ENDOCRINOLOGY & METABOLISM
64,INTERNATIONAL JOURNAL OF OBESITY,INT J OBESITY,ENDOCRINOLOGY & METABOLISM,0307-0565,1476-5497,0307-0565,38,5.1,SPRINGERNATURE,SPRINGERNATURE,1,2013,4/2/2025,22,https://www.nature.com/ijo/,https://openalex.org/S103428141,https://www.ncbi.nlm.nih.gov/nlmcatalog/101256108,,,https://www.ncbi.nlm.nih.gov/nlmcatalog/101753385,FALSE,https://www.nature.com/ijo/authors-and-referees/gta,ENDOCRINOLOGY & METABOLISM; NUTRITION & DIETETICS
65,DIABETES RESEARCH AND CLINICAL PRACTICE,DIABETES RES CLIN PR,ENDOCRINOLOGY & METABOLISM,0168-8227,1872-8227,0168-8227,31,5.6,ELSEVIER IRELAND LTD,ELSEVIER IRELAND LTD,0,,,22,https://www.journals.elsevier.com/diabetes-research-and-clinical-practice,https://openalex.org/S171311646,https://www.ncbi.nlm.nih.gov/nlmcatalog/8508335,,,https://www.ncbi.nlm.nih.gov/nlmcatalog/101761635,FALSE,https://www.sciencedirect.com/journal/diabetes-research-and-clinical-practice/publish/guide-for-authors,ENDOCRINOLOGY & METABOLISM
66,Obesity,OBESITY,ENDOCRINOLOGY & METABOLISM,1930-7381,1930-739X,1930-7381,40,5,WILEY,WILEY,0,,,22,https://onlinelibrary.wiley.com/journal/1930739X,https://openalex.org/S29918858,https://www.ncbi.nlm.nih.gov/nlmcatalog/101264860,,,https://www.ncbi.nlm.nih.gov/nlmcatalog/499981,FALSE,,ENDOCRINOLOGY & METABOLISM; NUTRITION & DIETETICS
67,NATURE GENETICS,NAT GENET,GENETICS & HEREDITY,1061-4036,1546-1718,1061-4036,2,38.3,NATURE RESEARCH,NATURE PORTFOLIO,1,2013,4/8/2025,23,https://www.nature.com/ng/,https://openalex.org/S137905309,https://www.ncbi.nlm.nih.gov/nlmcatalog/9216904,,,https://www.ncbi.nlm.nih.gov/nlmcatalog/9216904,TRUE,https://www.nature.com/ng/submission-guidelines,GENETICS & HEREDITY
68,MOLECULAR BIOLOGY AND EVOLUTION,MOL BIOL EVOL,GENETICS & HEREDITY,0737-4038,1537-1719,0737-4038,5,16.2,OXFORD UNIV PRESS INC,OXFORD UNIV PRESS,0,,,23,http://mbe.oxfordjournals.org/,https://openalex.org/S57552105,https://www.ncbi.nlm.nih.gov/nlmcatalog/8501455,,,https://www.ncbi.nlm.nih.gov/nlmcatalog/387261,FALSE,,BIOCHEMISTRY & MOLECULAR BIOLOGY; EVOLUTIONARY BIOLOGY; GENETICS & HEREDITY
69,GENOME BIOLOGY,GENOME BIOL,GENETICS & HEREDITY,1474-760X,1474-760X,1474-760X,6,13.6,BMC,BMC,0,,,23,https://genomebiology.biomedcentral.com/,https://openalex.org/S81160022,https://www.ncbi.nlm.nih.gov/nlmcatalog/100960660,,,https://www.ncbi.nlm.nih.gov/nlmcatalog/390314,FALSE,,BIOTECHNOLOGY & APPLIED MICROBIOLOGY; GENETICS & HEREDITY
70,ONCOGENE,ONCOGENE,GENETICS & HEREDITY,0950-9232,1476-5594,0950-9232,12,9.9,SPRINGERNATURE,SPRINGERNATURE,1,2013,4/8/2025,24,http://www.nature.com/onc,https://openalex.org/S128439998,https://www.ncbi.nlm.nih.gov/nlmcatalog/8711562,,,https://www.ncbi.nlm.nih.gov/nlmcatalog/129530,FALSE,https://www.nature.com/onc/authors-and-referees/gta,BIOCHEMISTRY & MOLECULAR BIOLOGY; CELL BIOLOGY; GENETICS & HEREDITY; ONCOLOGY
71,MOLECULAR THERAPY,MOL THER,GENETICS & HEREDITY,1525-0016,1525-0024,1525-0016,8,11.5,CELL PRESS,CELL PRESS,0,,,24,https://www.journals.elsevier.com/molecular-therapy,https://openalex.org/S51596929,https://www.ncbi.nlm.nih.gov/nlmcatalog/100890581,,,https://www.ncbi.nlm.nih.gov/nlmcatalog/133087,FALSE,,"BIOTECHNOLOGY & APPLIED MICROBIOLOGY; GENETICS & HEREDITY; MEDICINE, RESEARCH & EXPERIMENTAL"
72,GENES & DEVELOPMENT,GENE DEV,GENETICS & HEREDITY,0890-9369,1549-5477,0890-9369,9,11.4,"COLD SPRING HARBOR LAB PRESS, PUBLICATIONS DEPT","COLD SPRING HARBOR LAB PRESS, PUBLICATIONS DEPT",0,,,24,http://genesdev.cshlp.org/,https://openalex.org/S168778273,https://www.ncbi.nlm.nih.gov/nlmcatalog/8711660,,,https://www.ncbi.nlm.nih.gov/nlmcatalog/273638,FALSE,,CELL BIOLOGY; DEVELOPMENTAL BIOLOGY; GENETICS & HEREDITY
73,GENETICS IN MEDICINE,GENET MED,GENETICS & HEREDITY,1098-3600,1530-0366,1098-3600,15,8.8,SPRINGERNATURE,ELSEVIER SCIENCE INC,1,2013,4/8/2025,25,https://www.sciencedirect.com/journal/genetics-in-medicine,https://openalex.org/S187186932,https://www.ncbi.nlm.nih.gov/nlmcatalog/9815831,,,https://www.ncbi.nlm.nih.gov/nlmcatalog/496270,FALSE,https://www.sciencedirect.com/journal/genetics-in-medicine/publish/guide-for-authors,GENETICS & HEREDITY
74,Genome Medicine,GENOME MED,GENETICS & HEREDITY,1756-994X,1756-994X,1756-994X,10,11.1,BMC,BMC,0,,,25,https://genomemedicine.biomedcentral.com/,https://openalex.org/S149201819,https://www.ncbi.nlm.nih.gov/nlmcatalog/101475844,,,https://www.ncbi.nlm.nih.gov/nlmcatalog/494942,FALSE,,GENETICS & HEREDITY
75,AMERICAN JOURNAL OF HUMAN GENETICS,AM J HUM GENET,GENETICS & HEREDITY,0002-9297,1537-6605,0002-9297,11,11,CELL PRESS,CELL PRESS,0,,,25,https://www.sciencedirect.com/journal/the-american-journal-of-human-genetics,https://openalex.org/S134425043,https://www.ncbi.nlm.nih.gov/nlmcatalog/370475,,,https://www.ncbi.nlm.nih.gov/nlmcatalog/370475,TRUE,,GENETICS & HEREDITY
76,npj Genomic Medicine,NPJ GENOM MED,GENETICS & HEREDITY,N/A,2056-7944,2056-7944,16,8.6,NATURE RESEARCH,NATURE PORTFOLIO,1,2013,4/8/2025,26,https://www.nature.com/npjgenmed/,https://openalex.org/S2737523697,https://www.ncbi.nlm.nih.gov/nlmcatalog/101685193,,,https://www.ncbi.nlm.nih.gov/nlmcatalog/101685193,TRUE,https://www.nature.com/npjgenmed/for-authors-and-referees/guide-to-authors,GENETICS & HEREDITY
77,GENOME RESEARCH,GENOME RES,GENETICS & HEREDITY,1088-9051,1549-5469,1088-9051,13,9,"COLD SPRING HARBOR LAB PRESS, PUBLICATIONS DEPT","COLD SPRING HARBOR LAB PRESS, PUBLICATIONS DEPT",0,,,26,http://genome.cshlp.org/,https://openalex.org/S43092948,https://www.ncbi.nlm.nih.gov/nlmcatalog/9518021,,,https://www.ncbi.nlm.nih.gov/nlmcatalog/134684,FALSE,,BIOCHEMISTRY & MOLECULAR BIOLOGY; BIOTECHNOLOGY & APPLIED MICROBIOLOGY; GENETICS & HEREDITY
78,Molecular Autism,MOL AUTISM,GENETICS & HEREDITY,2040-2392,2040-2392,2040-2392,18,7.5,BMC,BMC,0,,,26,https://link.springer.com/journal/13229,https://openalex.org/S1216394,https://www.ncbi.nlm.nih.gov/nlmcatalog/101534222,,,https://www.ncbi.nlm.nih.gov/nlmcatalog/101534222,TRUE,,GENETICS & HEREDITY; NEUROSCIENCES
79,Horticulture Research,HORTIC RES-ENGLAND,GENETICS & HEREDITY,2662-6810,2052-7276,2662-6810,20,6.8,NANJING AGRICULTURAL UNIV,OXFORD UNIV PRESS INC,1,2013,4/8/2025,27,https://www.nature.com/hortres/,https://openalex.org/S2764753230,https://www.ncbi.nlm.nih.gov/nlmcatalog/101655540,,,https://www.ncbi.nlm.nih.gov/nlmcatalog/101655540,TRUE,https://academic.oup.com/hr/pages/general-instructions,GENETICS & HEREDITY; HORTICULTURE; PLANT SCIENCES
80,Genes & Diseases,GENES DIS,GENETICS & HEREDITY,2352-4820,2352-3042,2352-4820,19,7.1,ELSEVIER,KEAI PUBLISHING LTD,0,,,27,https://www.journals.elsevier.com/genes-and-diseases,https://openalex.org/S2764642421,https://www.ncbi.nlm.nih.gov/nlmcatalog/101635967,,,https://www.ncbi.nlm.nih.gov/nlmcatalog/503159,FALSE,,BIOCHEMISTRY & MOLECULAR BIOLOGY; GENETICS & HEREDITY
81,Clinical Epigenetics,CLIN EPIGENETICS,GENETICS & HEREDITY,1868-7075,1868-7083,1868-7075,21,6.6,BMC,BMC,0,,,27,https://link.springer.com/journal/13148,https://openalex.org/S200416800,https://www.ncbi.nlm.nih.gov/nlmcatalog/101516977,,,https://www.ncbi.nlm.nih.gov/nlmcatalog/125809,FALSE,,GENETICS & HEREDITY; ONCOLOGY
82,Circulation-Genomic and Precision Medicine,CIRC-GENOM PRECIS ME,GENETICS & HEREDITY,2574-8300,2574-8300,2574-8300,25,6.1,LIPPINCOTT WILLIAMS & WILKINS,LIPPINCOTT WILLIAMS & WILKINS,1,2019,4/8/2025,28,https://www.wolterskluwer.com/en/solutions/ovid/circulation-genomic-and-precision-medicine-5359,https://openalex.org/S4210202128,https://www.ncbi.nlm.nih.gov/nlmcatalog/101714113,,,https://www.ncbi.nlm.nih.gov/nlmcatalog/101714113,TRUE,https://www.ahajournals.org/circgen/manuscript-preparation,CARDIAC & CARDIOVASCULAR SYSTEMS; GENETICS & HEREDITY
83,JOURNAL OF MEDICAL GENETICS,J MED GENET,GENETICS & HEREDITY,0022-2593,1468-6244,0022-2593,22,6.3,BMJ PUBLISHING GROUP,BMJ PUBLISHING GROUP,0,,,28,http://jmg.bmj.com/,https://openalex.org/S112540174,https://www.ncbi.nlm.nih.gov/nlmcatalog/445957,,,https://www.ncbi.nlm.nih.gov/nlmcatalog/498580,FALSE,,GENETICS & HEREDITY
84,HUMAN MOLECULAR GENETICS,HUM MOL GENET,GENETICS & HEREDITY,0964-6906,1460-2083,0964-6906,23,6.2,OXFORD UNIV PRESS,OXFORD UNIV PRESS,0,,,28,http://hmg.oxfordjournals.org/,https://openalex.org/S166515463,https://www.ncbi.nlm.nih.gov/nlmcatalog/9208958,,,https://www.ncbi.nlm.nih.gov/nlmcatalog/101758887,FALSE,,BIOCHEMISTRY & MOLECULAR BIOLOGY; GENETICS & HEREDITY
85,CANCER GENE THERAPY,CANCER GENE THER,GENETICS & HEREDITY,0929-1903,1476-5500,0929-1903,26,6,SPRINGERNATURE,SPRINGERNATURE,1,2013,4/8/2025,29,https://www.nature.com/cgt/,https://openalex.org/S157451995,https://www.ncbi.nlm.nih.gov/nlmcatalog/9432230,,,https://www.ncbi.nlm.nih.gov/nlmcatalog/101702629,FALSE,https://www.nature.com/cgt/authors-and-referees/gta,"BIOTECHNOLOGY & APPLIED MICROBIOLOGY; GENETICS & HEREDITY; MEDICINE, RESEARCH & EXPERIMENTAL; ONCOLOGY"
86,Genes and Nutrition,GENES NUTR,GENETICS & HEREDITY,1555-8932,1865-3499,1555-8932,33,4.9,BMC,BMC,0,2025/12,,29,https://link.springer.com/journal/12263,https://openalex.org/S159227150,https://www.ncbi.nlm.nih.gov/nlmcatalog/101280108,,,https://www.ncbi.nlm.nih.gov/nlmcatalog/101280108,TRUE,,GENETICS & HEREDITY; NUTRITION & DIETETICS
87,GENOMICS,GENOMICS,GENETICS & HEREDITY,0888-7543,1089-8646,0888-7543,28,5.7,ACADEMIC PRESS INC ELSEVIER SCIENCE,ACADEMIC PRESS INC ELSEVIER SCIENCE,0,,,29,http://www.journals.elsevier.com/genomics,https://openalex.org/S146035217,https://www.ncbi.nlm.nih.gov/nlmcatalog/8800135,,,https://www.ncbi.nlm.nih.gov/nlmcatalog/499078,FALSE,,BIOTECHNOLOGY & APPLIED MICROBIOLOGY; GENETICS & HEREDITY
88,PLoS Genetics,PLOS GENET,GENETICS & HEREDITY,1553-7404,1553-7404,1553-7404,27,5.9,PUBLIC LIBRARY SCIENCE,PUBLIC LIBRARY SCIENCE,1,2017,4/8/2025,30,http://www.plosgenetics.org/,https://openalex.org/S103870658,https://www.ncbi.nlm.nih.gov/nlmcatalog/101239074,,,https://www.ncbi.nlm.nih.gov/nlmcatalog/101534081,FALSE,https://journals.plos.org/plosgenetics/s/submission-guidelines,GENETICS & HEREDITY
89,THEORETICAL AND APPLIED GENETICS,THEOR APPL GENET,GENETICS & HEREDITY,0040-5752,1432-2242,0040-5752,29,5.7,SPRINGER,SPRINGER,0,,,30,http://www.springer.com/new+%26+forthcoming+titles+%28default%29/journal/122,https://openalex.org/S96685181,https://www.ncbi.nlm.nih.gov/nlmcatalog/145600,,,https://www.ncbi.nlm.nih.gov/nlmcatalog/8009070,FALSE,,AGRONOMY; GENETICS & HEREDITY; HORTICULTURE; PLANT SCIENCES
90,HUMAN GENE THERAPY,HUM GENE THER,GENETICS & HEREDITY,1043-0342,1557-7422,1043-0342,30,5.7,"MARY ANN LIEBERT, INC","MARY ANN LIEBERT, INC",0,,,30,http://www.catchword.com/titles/10430342.htm,https://openalex.org/S39730559,https://www.ncbi.nlm.nih.gov/nlmcatalog/9008950,,,https://www.ncbi.nlm.nih.gov/nlmcatalog/384427,FALSE,,"BIOTECHNOLOGY & APPLIED MICROBIOLOGY; GENETICS & HEREDITY; MEDICINE, RESEARCH & EXPERIMENTAL"
91,GENE THERAPY,GENE THER,GENETICS & HEREDITY,0969-7128,1476-5462,0969-7128,35,5.3,SPRINGERNATURE,SPRINGERNATURE,1,2013,4/8/2025,31,https://www.nature.com/gt/,https://openalex.org/S65405509,https://www.ncbi.nlm.nih.gov/nlmcatalog/9421525,,,https://www.ncbi.nlm.nih.gov/nlmcatalog/274206,FALSE,https://www.nature.com/gt/authors-and-referees/gta,"BIOCHEMISTRY & MOLECULAR BIOLOGY; BIOTECHNOLOGY & APPLIED MICROBIOLOGY; GENETICS & HEREDITY; MEDICINE, RESEARCH & EXPERIMENTAL"
92,CHROMOSOME RESEARCH,CHROMOSOME RES,GENETICS & HEREDITY,0967-3849,1573-6849,0967-3849,36,5.2,SPRINGER,SPRINGER,0,,,31,https://www.springer.com/journal/10577,https://openalex.org/S141144868,https://www.ncbi.nlm.nih.gov/nlmcatalog/9313452,,,https://www.ncbi.nlm.nih.gov/nlmcatalog/101218176,FALSE,,BIOCHEMISTRY & MOLECULAR BIOLOGY; GENETICS & HEREDITY
93,Microbial Genomics,MICROB GENOMICS,GENETICS & HEREDITY,2057-5858,N/A,2057-5858,37,5.2,MICROBIOLOGY SOC,MICROBIOLOGY SOC,0,,,31,https://www.microbiologyresearch.org/content/journal/mgen,https://openalex.org/S4210186362,https://www.ncbi.nlm.nih.gov/nlmcatalog/101671820,,,https://www.ncbi.nlm.nih.gov/nlmcatalog/101767071,FALSE,,GENETICS & HEREDITY; MICROBIOLOGY
94,NATURE IMMUNOLOGY,NAT IMMUNOL,IMMUNOLOGY,1529-2908,1529-2916,1529-2908,4,25.6,NATURE RESEARCH,NATURE PORTFOLIO,1,2013,4/8/2025,32,https://www.nature.com/ni/,https://openalex.org/S41063453,https://www.ncbi.nlm.nih.gov/nlmcatalog/100941354,,,https://www.ncbi.nlm.nih.gov/nlmcatalog/100941354,TRUE,https://www.nature.com/nathumbehav/editorial-policies,IMMUNOLOGY
95,IMMUNITY,IMMUNITY,IMMUNOLOGY,1074-7613,1097-4180,1074-7613,2,31.7,CELL PRESS,CELL PRESS,0,,,32,https://www.sciencedirect.com/topics/immunology-and-microbiology/immunity,https://openalex.org/S199671312,https://www.ncbi.nlm.nih.gov/nlmcatalog/9432918,,,https://www.ncbi.nlm.nih.gov/nlmcatalog/503124,FALSE,,IMMUNOLOGY
96,JOURNAL OF EXPERIMENTAL MEDICINE,J EXP MED,IMMUNOLOGY,0022-1007,1540-9538,0022-1007,7,14.3,ROCKEFELLER UNIV PRESS,ROCKEFELLER UNIV PRESS,0,,,32,http://www.jem.org/,https://openalex.org/S22947807,https://www.ncbi.nlm.nih.gov/nlmcatalog/445979,,,https://www.ncbi.nlm.nih.gov/nlmcatalog/101618808,FALSE,,"IMMUNOLOGY; MEDICINE, RESEARCH & EXPERIMENTAL"
97,Cellular & Molecular Immunology,CELL MOL IMMUNOL,IMMUNOLOGY,1672-7681,2042-0226,1672-7681,12,11.5,CHIN SOCIETY IMMUNOLOGY,CHIN SOCIETY IMMUNOLOGY,1,2013,4/8/2025,33,https://www.nature.com/cmi/,https://openalex.org/S19143454,https://www.ncbi.nlm.nih.gov/nlmcatalog/101242872,,,https://www.ncbi.nlm.nih.gov/nlmcatalog/494286,FALSE,https://www.nature.com/cmi/authors-and-referees/authors,IMMUNOLOGY
98,Lancet HIV,LANCET HIV,IMMUNOLOGY,2352-3018,2352-3018,2352-3018,11,12.8,ELSEVIER INC,ELSEVIER INC,0,,,33,https://www.journals.elsevier.com/the-lancet-hiv,https://openalex.org/S2531945440,https://www.ncbi.nlm.nih.gov/nlmcatalog/101645355,,,https://www.ncbi.nlm.nih.gov/nlmcatalog/101645355,TRUE,,IMMUNOLOGY; INFECTIOUS DISEASES
99,JOURNAL OF ALLERGY AND CLINICAL IMMUNOLOGY,J ALLERGY CLIN IMMUN,IMMUNOLOGY,0091-6749,1097-6825,0091-6749,15,10.8,MOSBY-ELSEVIER,MOSBY-ELSEVIER,0,,,33,https://www.sciencedirect.com/journal/journal-of-allergy-and-clinical-immunology,https://openalex.org/S108525051,https://www.ncbi.nlm.nih.gov/nlmcatalog/1275002,,,https://www.ncbi.nlm.nih.gov/nlmcatalog/124976,FALSE,,ALLERGY; IMMUNOLOGY
100,Cancer Immunology Research,CANCER IMMUNOL RES,IMMUNOLOGY,2326-6066,2326-6074,2326-6066,13,11.2,AMER ASSOC CANCER RESEARCH,AMER ASSOC CANCER RESEARCH,1,2016,4/8/2025,34,http://cancerimmunolres.aacrjournals.org,https://openalex.org/S2765010658,https://www.ncbi.nlm.nih.gov/nlmcatalog/101614637,,,https://www.ncbi.nlm.nih.gov/nlmcatalog/101614637,TRUE,https://aacrjournals.org/pages/article-style-and-format,IMMUNOLOGY; ONCOLOGY
101,CLINICAL INFECTIOUS DISEASES,CLIN INFECT DIS,IMMUNOLOGY,1058-4838,1537-6591,1058-4838,18,9.1,OXFORD UNIV PRESS INC,OXFORD UNIV PRESS INC,0,,,34,http://www.oxfordjournals.org/our_journals/cid/,https://openalex.org/S72350973,https://www.ncbi.nlm.nih.gov/nlmcatalog/9203213,,,https://www.ncbi.nlm.nih.gov/nlmcatalog/101756494,FALSE,,IMMUNOLOGY; INFECTIOUS DISEASES; MICROBIOLOGY
102,Journal of Allergy and Clinical Immunology-In Practice,J ALLER CL IMM-PRACT,IMMUNOLOGY,2213-2198,2213-2201,2213-2198,19,8.9,ELSEVIER,ELSEVIER,0,,,34,https://www.journals.elsevier.com/the-journal-of-allergy-and-clinical-immunology-in-practice,https://openalex.org/S2754868259,https://www.ncbi.nlm.nih.gov/nlmcatalog/101597220,,,https://www.ncbi.nlm.nih.gov/nlmcatalog/1275002,FALSE,,ALLERGY; IMMUNOLOGY
103,npj Vaccines,NPJ VACCINES,IMMUNOLOGY,N/A,2059-0105,2059-0105,29,7.3,NATURE RESEARCH,NATURE PORTFOLIO,1,2013,4/8/2025,35,https://www.nature.com/npjvaccines/,https://openalex.org/S4210235625,https://www.ncbi.nlm.nih.gov/nlmcatalog/101699863,,,https://www.ncbi.nlm.nih.gov/nlmcatalog/101699863,TRUE,https://www.nature.com/npjvaccines/for-authors-and-referees/submission-guidelines#general-figure,"IMMUNOLOGY; MEDICINE, RESEARCH & EXPERIMENTAL"
104,IMMUNOLOGY,IMMUNOLOGY,IMMUNOLOGY,0019-2805,1365-2567,0019-2805,26,7.4,WILEY,WILEY,0,,,35,https://onlinelibrary.wiley.com/journal/13652567,https://openalex.org/S89865888,https://www.ncbi.nlm.nih.gov/nlmcatalog/374672,,,https://www.ncbi.nlm.nih.gov/nlmcatalog/390564,FALSE,,IMMUNOLOGY
105,Journal of Innate Immunity,J INNATE IMMUN,IMMUNOLOGY,1662-811X,1662-8128,1662-811X,28,7.3,KARGER,KARGER,0,,,35,https://www.karger.com/Journal/Home/234234,https://openalex.org/S161267757,https://www.ncbi.nlm.nih.gov/nlmcatalog/101469471,,,https://www.ncbi.nlm.nih.gov/nlmcatalog/101469471,TRUE,,IMMUNOLOGY
106,Mucosal Immunology,MUCOSAL IMMUNOL,IMMUNOLOGY,1933-0219,1935-3456,1933-0219,30,7.313,SPRINGERNATURE,ELSEVIER SCIENCE INC,1,2013,4/8/2025,36,https://www.sciencedirect.com/journal/mucosal-immunology,https://openalex.org/S68384121,https://www.ncbi.nlm.nih.gov/nlmcatalog/101299742,,,https://www.ncbi.nlm.nih.gov/nlmcatalog/101772715,FALSE,https://www.sciencedirect.com/journal/mucosal-immunology/publish/guide-for-authors,IMMUNOLOGY
107,JOURNAL OF CLINICAL IMMUNOLOGY,J CLIN IMMUNOL,IMMUNOLOGY,0271-9142,1573-2592,0271-9142,22,8.3,SPRINGER/PLENUM PUBLISHERS,SPRINGER/PLENUM PUBLISHERS,0,,,36,http://www.springer.com/biomed/immunology/journal/10875,https://openalex.org/S57504206,https://www.ncbi.nlm.nih.gov/nlmcatalog/8102137,,,https://www.ncbi.nlm.nih.gov/nlmcatalog/101632158,FALSE,,IMMUNOLOGY
108,Frontiers in Immunology,FRONT IMMUNOL,IMMUNOLOGY,1664-3224,1664-3224,1664-3224,24,7.6,FRONTIERS MEDIA SA,FRONTIERS MEDIA SA,0,,,36,http://journal.frontiersin.org/journal/immunology,https://openalex.org/S2595292759,https://www.ncbi.nlm.nih.gov/nlmcatalog/101560960,,,https://www.ncbi.nlm.nih.gov/nlmcatalog/101560960,TRUE,,IMMUNOLOGY
109,Clinical & Translational Immunology,CLIN TRANSL IMMUNOL,IMMUNOLOGY,N/A,2050-0068,2050-0068,43,6.2,WILEY,WILEY,1,2021,4/8/2025,37,https://onlinelibrary.wiley.com/journal/20500068,https://openalex.org/S4210194774,https://www.ncbi.nlm.nih.gov/nlmcatalog/101638268,,,https://www.ncbi.nlm.nih.gov/nlmcatalog/495430,FALSE,https://onlinelibrary.wiley.com/page/journal/20500068/homepage/forauthors.html#4,IMMUNOLOGY
110,JOURNAL OF AUTOIMMUNITY,J AUTOIMMUN,IMMUNOLOGY,0896-8411,1095-9157,0896-8411,33,7.1,ACADEMIC PRESS LTD- ELSEVIER SCIENCE LTD,ACADEMIC PRESS LTD- ELSEVIER SCIENCE LTD,0,,,37,http://www.journals.elsevier.com/journal-of-autoimmunity/,https://openalex.org/S187826688,https://www.ncbi.nlm.nih.gov/nlmcatalog/8812164,,,https://www.ncbi.nlm.nih.gov/nlmcatalog/101759413,FALSE,,IMMUNOLOGY
111,Virulence,VIRULENCE,IMMUNOLOGY,2150-5594,2150-5608,2150-5594,45,5.9,TAYLOR & FRANCIS INC,TAYLOR & FRANCIS INC,0,,,37,http://www.tandfonline.com/KVIR,https://openalex.org/S2484688887,https://www.ncbi.nlm.nih.gov/nlmcatalog/101531386,,,https://www.ncbi.nlm.nih.gov/nlmcatalog/385681,FALSE,,IMMUNOLOGY; INFECTIOUS DISEASES; MICROBIOLOGY
112,BONE MARROW TRANSPLANTATION,BONE MARROW TRANSPL,IMMUNOLOGY,0268-3369,1476-5365,0268-3369,51,5.5,SPRINGERNATURE,SPRINGERNATURE,1,2013,4/8/2025,38,https://www.nature.com/bmt/,https://openalex.org/S183182149,https://www.ncbi.nlm.nih.gov/nlmcatalog/8702459,,,https://www.ncbi.nlm.nih.gov/nlmcatalog/383496,FALSE,https://www.nature.com/bmt/authors-and-referees/gta,HEMATOLOGY; IMMUNOLOGY; ONCOLOGY; TRANSPLANTATION
113,JOURNAL OF IMMUNOLOGY,J IMMUNOL,IMMUNOLOGY,0022-1767,1550-6606,0022-1767,52,5.4,AMER ASSOC IMMUNOLOGISTS,AMER ASSOC IMMUNOLOGISTS,0,,,38,http://www.jimmunol.org/,https://openalex.org/S38008053,https://www.ncbi.nlm.nih.gov/nlmcatalog/445987,,,https://www.ncbi.nlm.nih.gov/nlmcatalog/101723886,FALSE,,IMMUNOLOGY
114,BIOLOGY OF BLOOD AND MARROW TRANSPLANTATION,,IMMUNOLOGY,1083-8791,1523-6536,1083-8791,49,5.7,ELSEVIER SCIENCE INC,,0,,,38,https://www.journals.elsevier.com/transplantation-and-cellular-therapy,https://openalex.org/S59987174,https://www.ncbi.nlm.nih.gov/nlmcatalog/9600628,,,https://www.ncbi.nlm.nih.gov/nlmcatalog/265098,FALSE,,HEMATOLOGY; TRANSPLANTATION; IMMUNOLOGY
115,NATURE NEUROSCIENCE,NAT NEUROSCI,NEUROSCIENCES,1097-6256,1546-1726,1097-6256,2,24.9,NATURE RESEARCH,NATURE PORTFOLIO,1,2013,4/8/2025,39,http://www.nature.com/neuro/,https://openalex.org/S2298632,https://www.ncbi.nlm.nih.gov/nlmcatalog/9809671,,,https://www.ncbi.nlm.nih.gov/nlmcatalog/101290055,FALSE,https://www.nature.com/neuro/submission-guidelines/aip-and-formatting,NEUROSCIENCES
116,NEURON,NEURON,NEUROSCIENCES,0896-6273,1097-4199,0896-6273,4,17.2,CELL PRESS,CELL PRESS,0,,,39,https://www.sciencedirect.com/journal/neuron,https://openalex.org/S45757444,https://www.ncbi.nlm.nih.gov/nlmcatalog/8809320,,,https://www.ncbi.nlm.nih.gov/nlmcatalog/133746,FALSE,,NEUROSCIENCES
117,ACTA NEUROPATHOLOGICA,ACTA NEUROPATHOL,NEUROSCIENCES,0001-6322,1432-0533,0001-6322,5,17.1,SPRINGER,SPRINGER,0,,,39,http://www.springer.com/medicine/pathology/journal/401,https://openalex.org/S198620474,https://www.ncbi.nlm.nih.gov/nlmcatalog/412041,,,https://www.ncbi.nlm.nih.gov/nlmcatalog/101610673,FALSE,,CLINICAL NEUROLOGY; NEUROSCIENCES; PATHOLOGY
118,Nature Human Behaviour,NAT HUM BEHAV,NEUROSCIENCES,2397-3374,2397-3374,2397-3374,9,13.7,NATURE RESEARCH,NATURE PORTFOLIO,1,2013,4/8/2025,40,https://www.nature.com/nathumbehav/,https://openalex.org/S2764866340,https://www.ncbi.nlm.nih.gov/nlmcatalog/101697750,,,https://www.ncbi.nlm.nih.gov/nlmcatalog/101697750,TRUE,https://www.nature.com/nathumbehav/submission-guidelines,"MULTIDISCIPLINARY SCIENCES; NEUROSCIENCES; PSYCHOLOGY, EXPERIMENTAL"
119,MOLECULAR PSYCHIATRY,MOL PSYCHIATR,NEUROSCIENCES,1359-4184,1476-5578,1359-4184,6,16,BMC,SPRINGERNATURE,0,,,40,https://www.nature.com/mp/,https://openalex.org/S71149355,https://www.ncbi.nlm.nih.gov/nlmcatalog/9607835,,,https://www.ncbi.nlm.nih.gov/nlmcatalog/101763570,FALSE,,BIOCHEMISTRY & MOLECULAR BIOLOGY; NEUROSCIENCES; PSYCHIATRY
120,Molecular Neurodegeneration,MOL NEURODEGENER,NEUROSCIENCES,N/A,1750-1326,1750-1326,7,14.2,BMC,BMC,0,,,40,http://www.molecularneurodegeneration.com/,https://openalex.org/S40861184,https://www.ncbi.nlm.nih.gov/nlmcatalog/101266600,,,https://www.ncbi.nlm.nih.gov/nlmcatalog/390871,FALSE,,NEUROSCIENCES
121,npj Parkinsons Disease,NPJ PARKINSONS DIS,NEUROSCIENCES,N/A,2373-8057,2373-8057,21,8.7,NATURE RESEARCH,NATURE PORTFOLIO,1,2013,4/8/2025,41,http://nature.com/npj-parkinsons,https://openalex.org/S2737664142,https://www.ncbi.nlm.nih.gov/nlmcatalog/101675390,http://www.nature.com/npjparkd/,,https://www.ncbi.nlm.nih.gov/nlmcatalog/101675390,TRUE,https://www.nature.com/npjparkd/for-authors-and-referees/submission-guidelines#general-figure,NEUROSCIENCES
122,ANNALS OF NEUROLOGY,ANN NEUROL,NEUROSCIENCES,0364-5134,1531-8249,0364-5134,18,10.4,WILEY,WILEY,0,,,41,http://www3.interscience.wiley.com/journal/76507645/home,https://openalex.org/S114530997,https://www.ncbi.nlm.nih.gov/nlmcatalog/7707449,,,https://www.ncbi.nlm.nih.gov/nlmcatalog/264578,FALSE,,CLINICAL NEUROLOGY; NEUROSCIENCES
123,Journal of Neuroinflammation,J NEUROINFLAMM,NEUROSCIENCES,,1742-2094,1742-2094,23,8.32,BMC,BMC,0,,,41,http://www.jneuroinflammation.com/,https://openalex.org/S199572710,https://www.ncbi.nlm.nih.gov/nlmcatalog/101222974,,,https://www.ncbi.nlm.nih.gov/nlmcatalog/101724520,FALSE,,IMMUNOLOGY; NEUROSCIENCES
124,Cancer Discovery,CANCER DISCOV,ONCOLOGY,2159-8274,2159-8290,2159-8274,6,39.4,AMER ASSOC CANCER RESEARCH,AMER ASSOC CANCER RESEARCH,1,2016,4/8/2025,42,http://cancerdiscovery.aacrjournals.org,https://openalex.org/S2486275289,https://www.ncbi.nlm.nih.gov/nlmcatalog/101561693,,,https://www.ncbi.nlm.nih.gov/nlmcatalog/101764786,FALSE,https://aacrjournals.org/pages/article-style-and-format,ONCOLOGY
125,CANCER CELL,CANCER CELL,ONCOLOGY,1535-6108,1878-3686,1535-6108,9,31.7,CELL PRESS,CELL PRESS,0,,,42,https://www.sciencedirect.com/journal/cancer-cell,https://openalex.org/S25671836,https://www.ncbi.nlm.nih.gov/nlmcatalog/101130617,,,https://www.ncbi.nlm.nih.gov/nlmcatalog/138249,FALSE,,CELL BIOLOGY; ONCOLOGY
126,ANNALS OF ONCOLOGY,ANN ONCOL,ONCOLOGY,0923-7534,1569-8041,0923-7534,7,32.976,ELSEVIER,ELSEVIER,0,,,42,https://www.sciencedirect.com/journal/annals-of-oncology,https://openalex.org/S41454044,https://www.ncbi.nlm.nih.gov/nlmcatalog/9007735,,,https://www.ncbi.nlm.nih.gov/nlmcatalog/489459,FALSE,,ONCOLOGY
127,CANCER RESEARCH,CANCER RES,ONCOLOGY,0008-5472,1538-7445,0008-5472,17,12.7,AMER ASSOC CANCER RESEARCH,AMER ASSOC CANCER RESEARCH,1,2016,4/8/2025,43,http://cancerres.aacrjournals.org/,https://openalex.org/S168522863,https://www.ncbi.nlm.nih.gov/nlmcatalog/445711,,,https://www.ncbi.nlm.nih.gov/nlmcatalog/496509,FALSE,https://aacrjournals.org/pages/article-style-and-format#figs,ONCOLOGY
128,Journal for ImmunoTherapy of Cancer,J IMMUNOTHER CANCER,ONCOLOGY,N/A,2051-1426,2051-1426,15,13.75,BMJ,BMJ PUBLISHING GROUP,0,,2026/02,43,https://jitc.bmj.com,https://openalex.org/S2754803477,https://www.ncbi.nlm.nih.gov/nlmcatalog/101620585,,,https://www.ncbi.nlm.nih.gov/nlmcatalog/101620585,TRUE,https://jitc.bmj.com/pages/authors#submission_guidelines,IMMUNOLOGY; ONCOLOGY
129,Molecular Cancer,MOL CANCER,ONCOLOGY,N/A,1476-4598,1476-4598,10,27.4,BMC,BMC,0,,,43,https://molecular-cancer.biomedcentral.com/,https://openalex.org/S132829192,https://www.ncbi.nlm.nih.gov/nlmcatalog/101147698,,,https://www.ncbi.nlm.nih.gov/nlmcatalog/101634670,FALSE,,BIOCHEMISTRY & MOLECULAR BIOLOGY; ONCOLOGY
130,CLINICAL CANCER RESEARCH,CLIN CANCER RES,ONCOLOGY,1078-0432,1557-3265,1078-0432,18,12.5,AMER ASSOC CANCER RESEARCH,AMER ASSOC CANCER RESEARCH,1,2016,4/8/2025,44,http://clincancerres.aacrjournals.org/,https://openalex.org/S183149254,https://www.ncbi.nlm.nih.gov/nlmcatalog/9502500,,,https://www.ncbi.nlm.nih.gov/nlmcatalog/136801,FALSE,https://aacrjournals.org/pages/article-style-and-format,ONCOLOGY
131,JNCI-Journal of the National Cancer Institute,JNCI-J NATL CANCER I,ONCOLOGY,0027-8874,1460-2105,0027-8874,16,13.5,OXFORD UNIV PRESS INC,OXFORD UNIV PRESS INC,0,,,44,http://jnci.oxfordjournals.org/,https://openalex.org/S98010888,https://www.ncbi.nlm.nih.gov/nlmcatalog/7503089,,,https://www.ncbi.nlm.nih.gov/nlmcatalog/7503089,TRUE,,ONCOLOGY
132,Journal of Thoracic Oncology,J THORAC ONCOL,ONCOLOGY,1556-0864,1556-1380,1556-0864,13,15.6,ELSEVIER SCIENCE INC,ELSEVIER SCIENCE INC,0,,,44,https://www.journals.elsevier.com/journal-of-thoracic-oncology,https://openalex.org/S90745127,https://www.ncbi.nlm.nih.gov/nlmcatalog/101274235,,,https://www.ncbi.nlm.nih.gov/nlmcatalog/101769967,FALSE,,ONCOLOGY; RESPIRATORY SYSTEM
133,LEUKEMIA,LEUKEMIA,ONCOLOGY,0887-6924,1476-5551,0887-6924,23,11.5,SPRINGERNATURE,SPRINGERNATURE,1,2013,4/8/2025,45,https://www.nature.com/leu/,https://openalex.org/S149476849,https://www.ncbi.nlm.nih.gov/nlmcatalog/8704895,,,https://www.ncbi.nlm.nih.gov/nlmcatalog/501129,FALSE,https://www.nature.com/leu/authors-and-referees/gta,HEMATOLOGY; ONCOLOGY
134,Liver Cancer,LIVER CANCER,ONCOLOGY,2235-1795,1664-5553,2235-1795,22,11.7,KARGER,KARGER,0,,,45,http://www.karger.com/lic,https://openalex.org/S2764970739,https://www.ncbi.nlm.nih.gov/nlmcatalog/101597993,,,https://www.ncbi.nlm.nih.gov/nlmcatalog/135608,FALSE,,GASTROENTEROLOGY & HEPATOLOGY; ONCOLOGY
135,Clinical and Translational Medicine,CLIN TRANSL MED,ONCOLOGY,2001-1326,2001-1326,2001-1326,24,11.5,JOHN WILEY & SONS LTD,JOHN WILEY & SONS LTD,0,,,45,https://onlinelibrary.wiley.com/journal/20011326,https://openalex.org/S2765071679,https://www.ncbi.nlm.nih.gov/nlmcatalog/101597971,,,https://www.ncbi.nlm.nih.gov/nlmcatalog/101597971,TRUE,,"MEDICINE, RESEARCH & EXPERIMENTAL; ONCOLOGY"
136,Blood Cancer Journal,BLOOD CANCER J,ONCOLOGY,2044-5385,2044-5385,2044-5385,27,11,SPRINGERNATURE,SPRINGERNATURE,1,2013,4/8/2025,46,https://www.nature.com/bcj/,https://openalex.org/S2496263508,https://www.ncbi.nlm.nih.gov/nlmcatalog/101568469,,,https://www.ncbi.nlm.nih.gov/nlmcatalog/101568469,TRUE,https://www.nature.com/bcj/authors-and-referees/gta,HEMATOLOGY; ONCOLOGY
137,Cancer Communications,CANCER COMMUN,ONCOLOGY,N/A,2523-3548,2523-3548,29,10.4,WILEY,WILEY,0,,,46,https://onlinelibrary.wiley.com/journal/25233548,https://openalex.org/S4210240675,https://www.ncbi.nlm.nih.gov/nlmcatalog/101723675,,,https://www.ncbi.nlm.nih.gov/nlmcatalog/101723675,TRUE,,ONCOLOGY
138,Journal of Hematology & Oncology,J HEMATOL ONCOL,ONCOLOGY,N/A,1756-8722,1756-8722,11,17.4,BMC,BMC,0,,,46,https://link.springer.com/journal/13045,https://openalex.org/S46507181,https://www.ncbi.nlm.nih.gov/nlmcatalog/101468937,,,https://www.ncbi.nlm.nih.gov/nlmcatalog/489718,FALSE,,HEMATOLOGY; ONCOLOGY
139,npj Precision Oncology,NPJ PRECIS ONCOL,ONCOLOGY,N/A,2397-768X,2397-768X,35,8.3,NATURE RESEARCH,NATURE PORTFOLIO,1,2013,4/8/2025,47,https://www.nature.com/npjprecisiononcology/,https://openalex.org/S4210211538,https://www.ncbi.nlm.nih.gov/nlmcatalog/101708166,,,https://www.ncbi.nlm.nih.gov/nlmcatalog/101708166,TRUE,https://www.nature.com/npjprecisiononcology/for-authors-and-referees/submission-guidelines#general-figure,ONCOLOGY
140,Therapeutic Advances in Medical Oncology,THER ADV MED ONCOL,ONCOLOGY,1758-8340,1758-8359,1758-8340,36,8.2,SAGE PUBLICATIONS LTD,SAGE PUBLICATIONS LTD,0,,,47,https://us.sagepub.com/en-us/nam/journal/therapeutic-advances-medical-oncology,https://openalex.org/S41085503,https://www.ncbi.nlm.nih.gov/nlmcatalog/101510808,,,https://www.ncbi.nlm.nih.gov/nlmcatalog/101510808,TRUE,,ONCOLOGY
141,OncoImmunology,ONCOIMMUNOLOGY,ONCOLOGY,2162-402X,2162-402X,2162-402X,37,8.1,TAYLOR & FRANCIS INC,TAYLOR & FRANCIS INC,0,,,47,http://www.landesbioscience.com/journals/oncoimmunology,https://openalex.org/S2497914550,https://www.ncbi.nlm.nih.gov/nlmcatalog/101570526,,,https://www.ncbi.nlm.nih.gov/nlmcatalog/101726268,FALSE,,IMMUNOLOGY; ONCOLOGY
142,BRITISH JOURNAL OF CANCER,BRIT J CANCER,ONCOLOGY,0007-0920,1532-1827,0007-0920,39,7.6,SPRINGERNATURE,SPRINGERNATURE,1,2013,4/8/2025,48,https://www.nature.com/bjc/,https://openalex.org/S62966998,https://www.ncbi.nlm.nih.gov/nlmcatalog/370635,,,https://www.ncbi.nlm.nih.gov/nlmcatalog/133209,FALSE,https://www.nature.com/bjc/authors-and-referees/gta,ONCOLOGY
143,EUROPEAN JOURNAL OF CANCER,EUR J CANCER,ONCOLOGY,0959-8049,1879-0852,0959-8049,33,9.2,ELSEVIER SCI LTD,ELSEVIER SCI LTD,0,,,48,https://www.journals.elsevier.com/european-journal-of-cancer,https://openalex.org/S16731738,https://www.ncbi.nlm.nih.gov/nlmcatalog/9005373,,,https://www.ncbi.nlm.nih.gov/nlmcatalog/386550,FALSE,,ONCOLOGY
144,INTERNATIONAL JOURNAL OF CANCER,INT J CANCER,ONCOLOGY,0020-7136,1097-0215,0020-7136,42,7.4,WILEY,WILEY,0,,,48,http://onlinelibrary.wiley.com/journal/10.1002/(ISSN)1097-0215,https://openalex.org/S5382288,https://www.ncbi.nlm.nih.gov/nlmcatalog/42124,,,https://www.ncbi.nlm.nih.gov/nlmcatalog/136943,FALSE,,ONCOLOGY
145,Oncogenesis,ONCOGENESIS,ONCOLOGY,2157-9024,2157-9024,2157-9024,40,7.5,SPRINGERNATURE,SPRINGERNATURE,1,2013,4/8/2025,49,https://www.nature.com/oncsis/,https://openalex.org/S4210239318,https://www.ncbi.nlm.nih.gov/nlmcatalog/101580004,,,https://www.ncbi.nlm.nih.gov/nlmcatalog/497236,FALSE,https://www.nature.com/oncsis/authors-and-referees/gta,ONCOLOGY
146,Gastric Cancer,GASTRIC CANCER,ONCOLOGY,1436-3291,1436-3305,1436-3291,43,7.4,SPRINGER,SPRINGER,0,,,49,https://www.springer.com/journal/10120,https://openalex.org/S145569942,https://www.ncbi.nlm.nih.gov/nlmcatalog/100886238,,,https://www.ncbi.nlm.nih.gov/nlmcatalog/391160,FALSE,,GASTROENTEROLOGY & HEPATOLOGY; ONCOLOGY
147,JOURNAL OF EXPERIMENTAL & CLINICAL CANCER RESEARCH,J EXP CLIN CANC RES,ONCOLOGY,N/A,1756-9966,1756-9966,25,11.2,BMC,BMC,0,,,49,https://link.springer.com/journal/13046,https://openalex.org/S33781645,https://www.ncbi.nlm.nih.gov/nlmcatalog/8308647,,,https://www.ncbi.nlm.nih.gov/nlmcatalog/8308647,TRUE,,ONCOLOGY
148,npj Breast Cancer,NPJ BREAST CANCER,ONCOLOGY,N/A,2374-4677,2374-4677,47,6.9,NATURE RESEARCH,NATURE PORTFOLIO,1,2013,4/8/2025,50,https://www.nature.com/npjbcancer/,https://openalex.org/S4210207747,https://www.ncbi.nlm.nih.gov/nlmcatalog/101674891,,,https://www.ncbi.nlm.nih.gov/nlmcatalog/101674891,TRUE,https://www.nature.com/npjbcancer/for-authors-and-referees/submission-guidelines#general-figure,ONCOLOGY
149,INTERNATIONAL JOURNAL OF RADIATION ONCOLOGY BIOLOGY PHYSICS,INT J RADIAT ONCOL,ONCOLOGY,0360-3016,1879-355X,0360-3016,45,7,ELSEVIER SCIENCE INC,ELSEVIER SCIENCE INC,0,,,50,https://www.journals.elsevier.com/international-journal-of-radiation-oncology-biology-physics,https://openalex.org/S110533041,https://www.ncbi.nlm.nih.gov/nlmcatalog/7603616,,,https://www.ncbi.nlm.nih.gov/nlmcatalog/7603616,TRUE,,"ONCOLOGY; RADIOLOGY, NUCLEAR MEDICINE & MEDICAL IMAGING"
150,CANCER IMMUNOLOGY IMMUNOTHERAPY,CANCER IMMUNOL IMMUN,ONCOLOGY,0340-7004,1432-0851,0340-7004,46,7,SPRINGER,SPRINGER,0,,,50,http://www.springer.com/medicine/oncology/journal/262,https://openalex.org/S203303425,https://www.ncbi.nlm.nih.gov/nlmcatalog/8605732,,,https://www.ncbi.nlm.nih.gov/nlmcatalog/9002711,FALSE,,IMMUNOLOGY; ONCOLOGY
151,CANCER,CANCER-AM CANCER SOC,ONCOLOGY,0008-543X,1097-0142,0008-543X,48,6.9,WILEY,WILEY,1,2018,4/8/2025,51,http://onlinelibrary.wiley.com/journal/10.1002/(ISSN)1097-0142,https://openalex.org/S126033908,https://www.ncbi.nlm.nih.gov/nlmcatalog/101499453,,,https://www.ncbi.nlm.nih.gov/nlmcatalog/101588411,FALSE,https://acsjournals.onlinelibrary.wiley.com/hub/journal/10970142/homepage/forauthors.html,ONCOLOGY
152,CANCER SCIENCE,CANCER SCI,ONCOLOGY,1347-9032,1349-7006,1347-9032,50,6.7,WILEY,WILEY,0,,,51,http://onlinelibrary.wiley.com/journal/10.1111/(ISSN)1349-7006,https://openalex.org/S175946340,https://www.ncbi.nlm.nih.gov/nlmcatalog/101168776,,,https://www.ncbi.nlm.nih.gov/nlmcatalog/101770443,FALSE,,ONCOLOGY
153,Molecular Therapy-Oncolytics,MOL THER ONCOLYTICS,ONCOLOGY,2372-7705,2372-7705,2372-7705,44,7.2,CELL PRESS,CELL PRESS,0,,,51,https://www.sciencedirect.com/journal/molecular-therapy-oncolytics,https://openalex.org/S2898235705,https://www.ncbi.nlm.nih.gov/nlmcatalog/101666776,,,https://www.ncbi.nlm.nih.gov/nlmcatalog/133087,FALSE,,"ONCOLOGY; MEDICINE, RESEARCH & EXPERIMENTAL"
154,Bone & Joint Research,BONE JOINT RES,ORTHOPEDICS,2046-3758,2046-3758,2046-3758,4,5.9,BRITISH EDITORIAL SOC BONE & JOINT SURGERY,BRITISH EDITORIAL SOC BONE & JOINT SURGERY,1,2021,4/8/2025,52,https://online.boneandjoint.org.uk/journal/bjr,https://openalex.org/S2765027627,https://www.ncbi.nlm.nih.gov/nlmcatalog/101586057,,,https://www.ncbi.nlm.nih.gov/nlmcatalog/101724828,FALSE,https://boneandjoint.org.uk/journal/BJR/instructions-for-authors,CELL & TISSUE ENGINEERING; ORTHOPEDICS
155,Bone & Joint Journal,BONE JOINT J,ORTHOPEDICS,2049-4394,2049-4394,2049-4394,7,5.083,BRITISH EDITORIAL SOC BONE & JOINT SURGERY,BRITISH EDITORIAL SOC BONE & JOINT SURGERY,0,,,52,http://www.bjj.boneandjoint.org.uk,https://openalex.org/S4210239958,https://www.ncbi.nlm.nih.gov/nlmcatalog/101599229,,,https://www.ncbi.nlm.nih.gov/nlmcatalog/101643162,FALSE,,ORTHOPEDICS; SURGERY
156,Journal of Orthopaedic Translation,J ORTHOP TRANSL,ORTHOPEDICS,2214-031X,2214-031X,2214-031X,6,5.2,ELSEVIER,ELSEVIER,0,,,52,https://www.journals.elsevier.com/journal-of-orthopaedic-translation,https://openalex.org/S2764689464,https://www.ncbi.nlm.nih.gov/nlmcatalog/101625127,,,https://www.ncbi.nlm.nih.gov/nlmcatalog/101625127,TRUE,,ORTHOPEDICS
157,BRITISH JOURNAL OF PHARMACOLOGY,BRIT J PHARMACOL,PHARMACOLOGY & PHARMACY,0007-1188,1476-5381,0007-1188,12,8.7,WILEY,WILEY,1,2017,4/8/2025,53,https://bpspubs.onlinelibrary.wiley.com/journal/14765381,https://openalex.org/S55107261,https://www.ncbi.nlm.nih.gov/nlmcatalog/7502536,,,https://www.ncbi.nlm.nih.gov/nlmcatalog/8703281,FALSE,https://bpspubs.onlinelibrary.wiley.com/hub/journal/14765381/author-guidelines.html,PHARMACOLOGY & PHARMACY
158,JOURNAL OF CONTROLLED RELEASE,J CONTROL RELEASE,PHARMACOLOGY & PHARMACY,0168-3659,1873-4995,0168-3659,10,9.8,ELSEVIER,ELSEVIER,0,,,53,http://www.elsevier.com/wps/find/journaldescription.cws_home/502690/description#description,https://openalex.org/S161954266,https://www.ncbi.nlm.nih.gov/nlmcatalog/8607908,,,https://www.ncbi.nlm.nih.gov/nlmcatalog/9319014,FALSE,,"CHEMISTRY, MULTIDISCIPLINARY; PHARMACOLOGY & PHARMACY"
159,ALIMENTARY PHARMACOLOGY & THERAPEUTICS,ALIMENT PHARM THER,PHARMACOLOGY & PHARMACY,0269-2813,1365-2036,0269-2813,13,8.2,WILEY,WILEY,0,,,53,https://onlinelibrary.wiley.com/journal/13652036,https://openalex.org/S158079644,https://www.ncbi.nlm.nih.gov/nlmcatalog/8707234,,,https://www.ncbi.nlm.nih.gov/nlmcatalog/101258928,FALSE,,GASTROENTEROLOGY & HEPATOLOGY; PHARMACOLOGY & PHARMACY
160,ACTA PHARMACOLOGICA SINICA,ACTA PHARMACOL SIN,PHARMACOLOGY & PHARMACY,1671-4083,1745-7254,1671-4083,31,6.2,NATURE PUBLISHING GROUP,NATURE PUBL GROUP,1,2013,4/2/2025,54,https://www.nature.com/aps/,https://openalex.org/S4210186974,https://www.ncbi.nlm.nih.gov/nlmcatalog/100956087,,,https://www.ncbi.nlm.nih.gov/nlmcatalog/100956087,TRUE,https://www.nature.com/aps/authors-and-referees/authors,"CHEMISTRY, MULTIDISCIPLINARY; PHARMACOLOGY & PHARMACY"
161,Pharmaceutics,PHARMACEUTICS,PHARMACOLOGY & PHARMACY,N/A,1999-4923,1999-4923,29,6.3,MDPI,MDPI,0,,,54,http://www.mdpi.com/journal/pharmaceutics/,https://openalex.org/S30283931,https://www.ncbi.nlm.nih.gov/nlmcatalog/101534003,,,https://www.ncbi.nlm.nih.gov/nlmcatalog/497229,FALSE,,PHARMACOLOGY & PHARMACY
162,JOURNAL OF FOOD AND DRUG ANALYSIS,J FOOD DRUG ANAL,PHARMACOLOGY & PHARMACY,1021-9498,1021-9498,1021-9498,34,6.1,DIGITAL COMMONS BEPRESS,DIGITAL COMMONS BEPRESS,0,,,54,https://www.jfda-online.com/journal/,https://openalex.org/S155791383,https://www.ncbi.nlm.nih.gov/nlmcatalog/101630927,,,https://www.ncbi.nlm.nih.gov/nlmcatalog/101630927,TRUE,,FOOD SCIENCE & TECHNOLOGY; PHARMACOLOGY & PHARMACY
163,AMERICAN JOURNAL OF PHYSIOLOGY-LUNG CELLULAR AND MOLECULAR PHYSIOLOGY,AM J PHYSIOL-LUNG C,PHYSIOLOGY - SCIE,1040-0605,1522-1504,1040-0605,11,5.5,AMER PHYSIOLOGICAL SOC,AMER PHYSIOLOGICAL SOC,1,2017,4/8/2025,55,https://journals.physiology.org/journal/ajplung,https://openalex.org/S47245711,https://www.ncbi.nlm.nih.gov/nlmcatalog/100901229,,,https://www.ncbi.nlm.nih.gov/nlmcatalog/100901229,TRUE,https://journals.physiology.org/manuscript-prep#figures,PHYSIOLOGY; RESPIRATORY SYSTEM
164,International Journal of Behavioral Nutrition and Physical Activity,INT J BEHAV NUTR PHY,PHYSIOLOGY - SCIE,N/A,1479-5868,1479-5868,6,6.5,BMC,BMC,0,,,55,https://ijbnpa.biomedcentral.com/,https://openalex.org/S182748528,https://www.ncbi.nlm.nih.gov/nlmcatalog/101217089,,,https://www.ncbi.nlm.nih.gov/nlmcatalog/101217089,TRUE,,NUTRITION & DIETETICS; PHYSIOLOGY
165,Acta Physiologica,ACTA PHYSIOL,PHYSIOLOGY - SCIE,1748-1708,1748-1716,1748-1708,8,6.3,WILEY,WILEY,0,,,55,http://onlinelibrary.wiley.com/journal/10.1111/(ISSN)1748-1716,https://openalex.org/S204890612,https://www.ncbi.nlm.nih.gov/nlmcatalog/101262545,,,https://www.ncbi.nlm.nih.gov/nlmcatalog/101696724,FALSE,,PHYSIOLOGY
166,JOURNAL OF PHYSIOLOGY-LONDON,J PHYSIOL-LONDON,PHYSIOLOGY - SCIE,0022-3751,1469-7793,0022-3751,12,5.2,WILEY,WILEY,1,2019,4/8/2025,56,https://physoc.onlinelibrary.wiley.com/journal/14697793,https://openalex.org/S2090548,https://www.ncbi.nlm.nih.gov/nlmcatalog/266262,,,https://www.ncbi.nlm.nih.gov/nlmcatalog/0266262,FALSE,https://jp.msubmit.net/cgi-bin/main.plex?form_type=display_requirements,NEUROSCIENCES; PHYSIOLOGY
167,Frontiers in Physiology,FRONT PHYSIOL,PHYSIOLOGY - SCIE,1664-042X,1664-042X,1664-042X,14,4.6,FRONTIERS MEDIA SA,FRONTIERS MEDIA SA,0,,,56,http://frontiersin.org/physiology,https://openalex.org/S52732750,https://www.ncbi.nlm.nih.gov/nlmcatalog/101549006,,,https://www.ncbi.nlm.nih.gov/nlmcatalog/101549006,TRUE,,PHYSIOLOGY
168,JOURNAL OF PHYSIOLOGY AND BIOCHEMISTRY,J PHYSIOL BIOCHEM,PHYSIOLOGY - SCIE,1138-7548,1877-8755,1138-7548,17,4.2,SPRINGER,SPRINGER,0,,,56,https://www.springer.com/journal/13105,https://openalex.org/S68195922,https://www.ncbi.nlm.nih.gov/nlmcatalog/9812509,,,https://www.ncbi.nlm.nih.gov/nlmcatalog/101770644,FALSE,,BIOCHEMISTRY & MOLECULAR BIOLOGY; PHYSIOLOGY
169,General Physiology,J GEN PHYSIOL,PHYSIOLOGY - SCIE,0022-1295,1540-7748,0022-1295,18,4.086,ROCKEFELLER UNIV PRESS,ROCKEFELLER UNIV PRESS,1,2021,4/8/2025,57,http://jgp.rupress.org/,https://openalex.org/S168548653,https://www.ncbi.nlm.nih.gov/nlmcatalog/445980,,,https://www.ncbi.nlm.nih.gov/nlmcatalog/9418296,FALSE,https://rupress.org/jgp/pages/fig-vid-guidelines,PHYSIOLOGY
170,ARCHIVES OF PHYSIOLOGY AND BIOCHEMISTRY,ARCH PHYSIOL BIOCHEM,PHYSIOLOGY - SCIE,1381-3455,1744-4160,1381-3455,19,4.1,TAYLOR & FRANCIS LTD,TAYLOR & FRANCIS LTD,0,,,57,https://www.tandfonline.com/toc/iarp20/current,https://openalex.org/S19783875,https://www.ncbi.nlm.nih.gov/nlmcatalog/9510153,,,https://www.ncbi.nlm.nih.gov/nlmcatalog/9510153,TRUE,,ENDOCRINOLOGY & METABOLISM; PHYSIOLOGY
171,JOURNAL OF PHYSIOLOGY AND PHARMACOLOGY,J PHYSIOL PHARMACOL,PHYSIOLOGY - SCIE,0867-5910,N/A,0867-5910,36,3,POLISH PHYSIOLOGICAL SOC,POLISH PHYSIOLOGICAL SOC,0,,,57,http://www.jpp.krakow.pl/,https://openalex.org/S4393915990,https://www.ncbi.nlm.nih.gov/nlmcatalog/9114501,,,https://www.ncbi.nlm.nih.gov/nlmcatalog/492669,FALSE,,PHYSIOLOGY
172,AMERICAN JOURNAL OF PHYSIOLOGY-HEART AND CIRCULATORY PHYSIOLOGY,AM J PHYSIOL-HEART C,PHYSIOLOGY - SCIE,0363-6135,1522-1539,0363-6135,13,4.7,AMER PHYSIOLOGICAL SOC,AMER PHYSIOLOGICAL SOC,1,2017,4/8/2025,58,https://journals.physiology.org/journal/ajpheart,https://openalex.org/S87338489,https://www.ncbi.nlm.nih.gov/nlmcatalog/100901228,,,https://www.ncbi.nlm.nih.gov/nlmcatalog/100901228,TRUE,https://journals.physiology.org/manuscript-prep#figures,CARDIAC & CARDIOVASCULAR SYSTEMS; PERIPHERAL VASCULAR DISEASE; PHYSIOLOGY
173,JOURNAL OF ELECTROMYOGRAPHY AND KINESIOLOGY,J ELECTROMYOGR KINES,PHYSIOLOGY - SCIE,1050-6411,1873-5711,1050-6411,51,2.4,ELSEVIER SCI LTD,ELSEVIER SCI LTD,0,,,58,https://www.journals.elsevier.com/journal-of-electromyography-and-kinesiology,https://openalex.org/S65425268,https://www.ncbi.nlm.nih.gov/nlmcatalog/9109125,,,https://www.ncbi.nlm.nih.gov/nlmcatalog/9109125,TRUE,,NEUROSCIENCES; PHYSIOLOGY; REHABILITATION; SPORT SCIENCES
174,Journal of Physiological Sciences,J PHYSIOL SCI,PHYSIOLOGY - SCIE,1880-6546,1880-6562,1880-6546,43,2.8,BMC,ELSEVIER,0,,,58,https://link.springer.com/journal/12576,https://openalex.org/S114270954,https://www.ncbi.nlm.nih.gov/nlmcatalog/101262417,,,https://www.ncbi.nlm.nih.gov/nlmcatalog/446051,FALSE,,PHYSIOLOGY
175,AMERICAN JOURNAL OF PHYSIOLOGY-ENDOCRINOLOGY AND METABOLISM,AM J PHYSIOL-ENDOC M,PHYSIOLOGY - SCIE,0193-1849,1522-1555,0193-1849,15,4.3,AMER PHYSIOLOGICAL SOC,AMER PHYSIOLOGICAL SOC,1,2017,4/8/2025,59,https://journals.physiology.org/journal/ajpendo,https://openalex.org/S196637695,https://www.ncbi.nlm.nih.gov/nlmcatalog/100901226,,,https://www.ncbi.nlm.nih.gov/nlmcatalog/100901227,FALSE,https://journals.physiology.org/manuscript-prep#figures,ENDOCRINOLOGY & METABOLISM; PHYSIOLOGY
176,JOURNAL OF MAMMARY GLAND BIOLOGY AND NEOPLASIA,J MAMMARY GLAND BIOL,PHYSIOLOGY - SCIE,1083-3021,1573-7039,1083-3021,46,2.7,SPRINGER/PLENUM PUBLISHERS,SPRINGER/PLENUM PUBLISHERS,0,,,59,https://link.springer.com/journal/10911,https://openalex.org/S146336032,https://www.ncbi.nlm.nih.gov/nlmcatalog/9601804,,,https://www.ncbi.nlm.nih.gov/nlmcatalog/9601804,TRUE,,ENDOCRINOLOGY & METABOLISM; ONCOLOGY; PHYSIOLOGY
177,PFLUGERS ARCHIV-EUROPEAN JOURNAL OF PHYSIOLOGY,PFLUG ARCH EUR J PHY,PHYSIOLOGY - SCIE,0031-6768,1432-2013,0031-6768,26,3.7,SPRINGER HEIDELBERG,SPRINGER HEIDELBERG,0,,,59,http://www.springer.com/biomed/human+physiology/journal/424,https://openalex.org/S203465302,https://www.ncbi.nlm.nih.gov/nlmcatalog/154720,,,https://www.ncbi.nlm.nih.gov/nlmcatalog/154720,TRUE,,PHYSIOLOGY
178,AMERICAN JOURNAL OF PHYSIOLOGY-CELL PHYSIOLOGY,AM J PHYSIOL-CELL PH,PHYSIOLOGY - SCIE,0363-6143,1522-1563,0363-6143,16,4.2,AMER PHYSIOLOGICAL SOC,AMER PHYSIOLOGICAL SOC,1,2017,4/8/2025,60,https://journals.physiology.org/journal/ajpcell,https://openalex.org/S62704344,https://www.ncbi.nlm.nih.gov/nlmcatalog/100901225,,,https://www.ncbi.nlm.nih.gov/nlmcatalog/100901225,TRUE,https://journals.physiology.org/manuscript-prep#figures,CELL BIOLOGY; PHYSIOLOGY
179,PESTICIDE BIOCHEMISTRY AND PHYSIOLOGY,PESTIC BIOCHEM PHYS,PHYSIOLOGY - SCIE,0048-3575,1095-9939,0048-3575,23,4,ACADEMIC PRESS INC ELSEVIER SCIENCE,ACADEMIC PRESS INC ELSEVIER SCIENCE,0,,,60,https://www.journals.elsevier.com/pesticide-biochemistry-and-physiology,https://openalex.org/S9324707,https://www.ncbi.nlm.nih.gov/nlmcatalog/1301573,,,https://www.ncbi.nlm.nih.gov/nlmcatalog/7612720,FALSE,,BIOCHEMISTRY & MOLECULAR BIOLOGY; ENTOMOLOGY; PHYSIOLOGY
180,PSYCHOPHYSIOLOGY,PSYCHOPHYSIOLOGY,PHYSIOLOGY - SCIE,0048-5772,1469-8986,0048-5772,21,4,WILEY,WILEY,0,,,60,http://onlinelibrary.wiley.com/journal/10.1111/(ISSN)1469-8986,https://openalex.org/S167723465,https://www.ncbi.nlm.nih.gov/nlmcatalog/142657,,,https://www.ncbi.nlm.nih.gov/nlmcatalog/272495,FALSE,,"NEUROSCIENCES; PHYSIOLOGY; PSYCHOLOGY; PSYCHOLOGY, BIOLOGICAL; PSYCHOLOGY, EXPERIMENTAL"
181,AMERICAN JOURNAL OF PHYSIOLOGY-GASTROINTESTINAL AND LIVER PHYSIOLOGY,AM J PHYSIOL-GASTR L,PHYSIOLOGY - SCIE,0193-1857,1522-1547,0193-1857,20,4.1,AMER PHYSIOLOGICAL SOC,AMER PHYSIOLOGICAL SOC,1,2017,4/8/2025,61,https://journals.physiology.org/journal/ajpgi,https://openalex.org/S34136372,https://www.ncbi.nlm.nih.gov/nlmcatalog/100901227,,,https://www.ncbi.nlm.nih.gov/nlmcatalog/100901227,TRUE,https://journals.physiology.org/manuscript-prep#figures,GASTROENTEROLOGY & HEPATOLOGY; PHYSIOLOGY
182,Lymphatic Research and Biology,LYMPHAT RES BIOL,PHYSIOLOGY - SCIE,1539-6851,1557-8585,1539-6851,48,2.6,"MARY ANN LIEBERT, INC","MARY ANN LIEBERT, INC",0,,,61,http://online.liebertpub.com/loi/lrb,https://openalex.org/S206674190,https://www.ncbi.nlm.nih.gov/nlmcatalog/101163587,,,https://www.ncbi.nlm.nih.gov/nlmcatalog/101163587,TRUE,,"MEDICINE, RESEARCH & EXPERIMENTAL; PHYSIOLOGY"
183,PHYSIOLOGICAL MEASUREMENT,PHYSIOL MEAS,PHYSIOLOGY - SCIE,0967-3334,1361-6579,0967-3334,45,2.83,IOP PUBLISHING LTD,IOP Publishing Ltd,0,,,61,http://www.iop.org,https://openalex.org/S3164724,https://www.ncbi.nlm.nih.gov/nlmcatalog/9306921,,,https://www.ncbi.nlm.nih.gov/nlmcatalog/269066,FALSE,,"BIOPHYSICS; ENGINEERING, BIOMEDICAL; PHYSIOLOGY"
184,AMERICAN JOURNAL OF PHYSIOLOGY-REGULATORY INTEGRATIVE AND COMPARATIVE PHYSIOLOGY,AM J PHYSIOL-REG I,PHYSIOLOGY - SCIE,0363-6119,1522-1490,0363-6119,28,3.6,AMER PHYSIOLOGICAL SOC,AMER PHYSIOLOGICAL SOC,1,2017,4/8/2025,62,https://journals.physiology.org/journal/ajpregu,https://openalex.org/S59702976,https://www.ncbi.nlm.nih.gov/nlmcatalog/100901230,,,https://www.ncbi.nlm.nih.gov/nlmcatalog/100901230,TRUE,https://journals.physiology.org/manuscript-prep#figures,PHYSIOLOGY
185,NEUROPHYSIOLOGIE CLINIQUE-CLINICAL NEUROPHYSIOLOGY,NEUROPHYSIOL CLIN,PHYSIOLOGY - SCIE,0987-7053,1769-7131,0987-7053,25,3.7,ELSEVIER FRANCE-EDITIONS SCIENTIFIQUES MEDICALES ELSEVIER,ELSEVIER FRANCE-EDITIONS SCIENTIFIQUES MEDICALES ELSEVIER,0,,,62,https://www.journals.elsevier.com/neurophysiologie-clinique,https://openalex.org/S49614445,https://www.ncbi.nlm.nih.gov/nlmcatalog/8804532,,,https://www.ncbi.nlm.nih.gov/nlmcatalog/8804532,TRUE,,CLINICAL NEUROLOGY; NEUROSCIENCES; PHYSIOLOGY
186,EUROPEAN JOURNAL OF APPLIED PHYSIOLOGY,EUR J APPL PHYSIOL,PHYSIOLOGY - SCIE,1439-6319,1439-6327,1439-6319,35,3.1,SPRINGER,SPRINGER,0,,,62,https://www.springer.com/journal/421,https://openalex.org/S205145379,https://www.ncbi.nlm.nih.gov/nlmcatalog/100954790,,,https://www.ncbi.nlm.nih.gov/nlmcatalog/100954790,TRUE,,PHYSIOLOGY; SPORT SCIENCES
187,JOURNAL OF APPLIED PHYSIOLOGY,J APPL PHYSIOL,PHYSIOLOGY - SCIE,8750-7587,1522-1601,8750-7587,29,3.5,AMER PHYSIOLOGICAL SOC,AMER PHYSIOLOGICAL SOC,1,2017,4/8/2025,63,https://journals.physiology.org/journal/jappl,https://openalex.org/S140889577,https://www.ncbi.nlm.nih.gov/nlmcatalog/8502536,,,https://www.ncbi.nlm.nih.gov/nlmcatalog/101264333,FALSE,https://journals.physiology.org/manuscript-prep#figures,PHYSIOLOGY; SPORT SCIENCES
188,COMPARATIVE BIOCHEMISTRY AND PHYSIOLOGY A-MOLECULAR & INTEGRATIVE PHYSIOLOGY,COMP BIOCHEM PHYS A,PHYSIOLOGY - SCIE,1095-6433,1531-4332,1095-6433,54,2.3,ELSEVIER SCIENCE INC,ELSEVIER SCIENCE INC,0,,,63,https://www.journals.elsevier.com/comparative-biochemistry-and-physiology-part-a-molecular-and-integrative-physiology,https://openalex.org/S193677276,https://www.ncbi.nlm.nih.gov/nlmcatalog/9806096,,,https://www.ncbi.nlm.nih.gov/nlmcatalog/9806096,TRUE,,BIOCHEMISTRY & MOLECULAR BIOLOGY; PHYSIOLOGY; ZOOLOGY
189,INTERNATIONAL JOURNAL OF PSYCHOPHYSIOLOGY,INT J PSYCHOPHYSIOL,PHYSIOLOGY - SCIE,0167-8760,1872-7697,0167-8760,37,3,ELSEVIER,ELSEVIER,0,,,63,https://www.journals.elsevier.com/international-journal-of-psychophysiology,https://openalex.org/S129135363,https://www.ncbi.nlm.nih.gov/nlmcatalog/8406214,,,https://www.ncbi.nlm.nih.gov/nlmcatalog/8406214,TRUE,,"NEUROSCIENCES; PHYSIOLOGY; PSYCHOLOGY; PSYCHOLOGY, BIOLOGICAL; PSYCHOLOGY, EXPERIMENTAL"
190,AMERICAN JOURNAL OF PHYSIOLOGY-RENAL PHYSIOLOGY,AM J PHYSIOL-RENAL,PHYSIOLOGY - SCIE,1931-857X,1522-1466,1931-857X,30,3.4,AMER PHYSIOLOGICAL SOC,AMER PHYSIOLOGICAL SOC,1,2017,4/8/2025,64,https://journals.physiology.org/journal/ajprenal,https://openalex.org/S200780590,https://www.ncbi.nlm.nih.gov/nlmcatalog/100901990,,,https://www.ncbi.nlm.nih.gov/nlmcatalog/100901990,TRUE,https://journals.physiology.org/manuscript-prep#figures,PHYSIOLOGY; UROLOGY & NEPHROLOGY
191,JOURNAL OF BIOLOGICAL RHYTHMS,J BIOL RHYTHM,PHYSIOLOGY - SCIE,0748-7304,1552-4531,0748-7304,31,3.2,SAGE PUBLICATIONS INC,SAGE PUBLICATIONS INC,0,,,64,http://jbr.sagepub.com/,https://openalex.org/S192515372,https://www.ncbi.nlm.nih.gov/nlmcatalog/8700115,,,https://www.ncbi.nlm.nih.gov/nlmcatalog/8700115,TRUE,,BIOLOGY; PHYSIOLOGY
192,KIDNEY & BLOOD PRESSURE RESEARCH,KIDNEY BLOOD PRESS R,PHYSIOLOGY - SCIE,1420-4096,1423-0143,1420-4096,45,2.7,KARGER,KARGER,0,,,64,http://www.karger.com/kbr,https://openalex.org/S167815962,https://www.ncbi.nlm.nih.gov/nlmcatalog/9610505,,,https://www.ncbi.nlm.nih.gov/nlmcatalog/9610505,TRUE,,PERIPHERAL VASCULAR DISEASE; PHYSIOLOGY; UROLOGY & NEPHROLOGY
193,PHYSIOLOGICAL GENOMICS,PHYSIOL GENOMICS,PHYSIOLOGY - SCIE,1094-8341,1531-2267,1094-8341,33,3.1,AMER PHYSIOLOGICAL SOC,AMER PHYSIOLOGICAL SOC,1,2017,4/8/2025,65,http://physiolgenomics.physiology.org,https://openalex.org/S57123121,https://www.ncbi.nlm.nih.gov/nlmcatalog/9815683,,,https://www.ncbi.nlm.nih.gov/nlmcatalog/101599129,FALSE,https://journals.physiology.org/manuscript-prep#figures,CELL BIOLOGY; GENETICS & HEREDITY; PHYSIOLOGY
194,Conservation Physiology,CONSERV PHYSIOL,PHYSIOLOGY - SCIE,2051-1434,2051-1434,2051-1434,34,3.1,OXFORD UNIV PRESS,OXFORD UNIV PRESS,0,,,65,https://academic.oup.com/conphys,https://openalex.org/S2734435911,https://www.ncbi.nlm.nih.gov/nlmcatalog/101656116,,,https://www.ncbi.nlm.nih.gov/nlmcatalog/101656116,TRUE,,BIODIVERSITY CONSERVATION; ECOLOGY; ENVIRONMENTAL SCIENCES; PHYSIOLOGY
195,Journal of Physiological Anthropology,J PHYSIOL ANTHROPOL,PHYSIOLOGY - SCIE,1880-6805,1880-6805,1880-6805,40,2.9,BMC,BMC,0,,,65,https://jphysiolanthropol.biomedcentral.com/,https://openalex.org/S116299461,https://www.ncbi.nlm.nih.gov/nlmcatalog/101269653,,,https://www.ncbi.nlm.nih.gov/nlmcatalog/101269653,TRUE,,PHYSIOLOGY
196,EXPERIMENTAL PHYSIOLOGY,EXP PHYSIOL,PHYSIOLOGY - SCIE,0958-0670,1469-445X,0958-0670,38,3,WILEY,WILEY,1,2021,4/8/2025,66,http://physoc.onlinelibrary.wiley.com/hub/journal/10.1111/(ISSN)1469-445X/,https://openalex.org/S65894173,https://www.ncbi.nlm.nih.gov/nlmcatalog/9002940,,,https://www.ncbi.nlm.nih.gov/nlmcatalog/101715172,FALSE,https://ep.msubmit.net/cgi-bin/main.plex?form_type=display_requirements#figsandlegends,PHYSIOLOGY
197,CHRONOBIOLOGY INTERNATIONAL,CHRONOBIOL INT,PHYSIOLOGY - SCIE,0742-0528,1525-6073,0742-0528,39,2.9,TAYLOR & FRANCIS INC,TAYLOR & FRANCIS INC,0,,,66,http://informahealthcare.com/journal/cbi,https://openalex.org/S75142505,https://www.ncbi.nlm.nih.gov/nlmcatalog/8501362,,,https://www.ncbi.nlm.nih.gov/nlmcatalog/8501362,TRUE,,BIOLOGY; PHYSIOLOGY
198,PHYSIOLOGICAL RESEARCH,PHYSIOL RES,PHYSIOLOGY - SCIE,0862-8408,1802-9973,0862-8408,67,1.881,"ACAD SCIENCES CZECH REPUBLIC, INST PHYSIOLOGY","ACAD SCIENCES CZECH REPUBLIC, INST PHYSIOLOGY",0,2025/12,,66,http://www.biomed.cas.cz/physiolres/index.html,https://openalex.org/S4210199525,https://www.ncbi.nlm.nih.gov/nlmcatalog/9112413,,,https://www.ncbi.nlm.nih.gov/nlmcatalog/101636912,FALSE,,PHYSIOLOGY
199,JOURNAL OF NEUROPHYSIOLOGY,J NEUROPHYSIOL,PHYSIOLOGY - SCIE,0022-3077,1522-1598,0022-3077,44,2.7,AMER PHYSIOLOGICAL SOC,AMER PHYSIOLOGICAL SOC,1,2017,4/8/2025,67,https://journals.physiology.org/journal/jn,https://openalex.org/S142952003,https://www.ncbi.nlm.nih.gov/nlmcatalog/375404,,,https://www.ncbi.nlm.nih.gov/nlmcatalog/101690682,FALSE,https://journals.physiology.org/manuscript-prep#figures,NEUROSCIENCES; PHYSIOLOGY
200,CLINICAL AND EXPERIMENTAL PHARMACOLOGY AND PHYSIOLOGY,CLIN EXP PHARMACOL P,PHYSIOLOGY - SCIE,0305-1870,1440-1681,0305-1870,49,2.6,WILEY,WILEY,0,,,67,http://www.wiley.com/bw/journal.asp?ref=0305-1870,https://openalex.org/S168193669,https://www.ncbi.nlm.nih.gov/nlmcatalog/425076,,,https://www.ncbi.nlm.nih.gov/nlmcatalog/101165100,FALSE,,PHARMACOLOGY & PHARMACY; PHYSIOLOGY
201,CLINICAL PHYSIOLOGY AND FUNCTIONAL IMAGING,CLIN PHYSIOL FUNCT I,PHYSIOLOGY - SCIE,1475-0961,1475-097X,1475-0961,56,2.3,WILEY,WILEY,0,,,67,https://onlinelibrary.wiley.com/journal/1475097X,https://openalex.org/S184889556,https://www.ncbi.nlm.nih.gov/nlmcatalog/101137604,,,https://www.ncbi.nlm.nih.gov/nlmcatalog/101624617,FALSE,,PHYSIOLOGY
202,Arthritis & Rheumatology,ARTHRITIS RHEUMATOL,RHEUMATOLOGY,2326-5191,2326-5205,2326-5191,3,11,WILEY,WILEY,1,2020,4/8/2025,68,https://onlinelibrary.wiley.com/journal/23265205,https://openalex.org/S4210186158,https://www.ncbi.nlm.nih.gov/nlmcatalog/101623795,,,https://www.ncbi.nlm.nih.gov/nlmcatalog/389174,FALSE,https://acrjournals.onlinelibrary.wiley.com/hub/journal/23265205/authorguidelines,RHEUMATOLOGY
203,Lancet Rheumatology,LANCET RHEUMATOL,RHEUMATOLOGY,2665-9913,2665-9913,2665-9913,4,8.1,ELSEVIER,ELSEVIER,0,,,68,https://www.journals.elsevier.com/the-lancet-rheumatology,https://openalex.org/S4210233594,https://www.ncbi.nlm.nih.gov/nlmcatalog/101765308,,,https://www.ncbi.nlm.nih.gov/nlmcatalog/101765308,TRUE,,RHEUMATOLOGY
204,RHEUMATOLOGY,RHEUMATOLOGY,RHEUMATOLOGY,1462-0324,1462-0332,1462-0324,5,7.6,OXFORD UNIV PRESS,OXFORD UNIV PRESS,0,,,68,https://academic.oup.com/rheumatology,https://openalex.org/S183989336,https://www.ncbi.nlm.nih.gov/nlmcatalog/100883501,,,https://www.ncbi.nlm.nih.gov/nlmcatalog/499883,FALSE,,RHEUMATOLOGY
205,JOURNAL OF RHEUMATOLOGY,J RHEUMATOL,RHEUMATOLOGY,0315-162X,1499-2752,0315-162X,14,4.7,J RHEUMATOL PUBL CO,J RHEUMATOL PUBL CO,1,2019,4/8/2025,69,http://www.jrheum.org/,https://openalex.org/S50602745,https://www.ncbi.nlm.nih.gov/nlmcatalog/7501984,,,https://www.ncbi.nlm.nih.gov/nlmcatalog/101764777,FALSE,https://www.jrheum.org/guideforauthors#figurestables,RHEUMATOLOGY
206,Arthritis Research & Therapy,ARTHRITIS RES THER,RHEUMATOLOGY,1478-6354,1478-6362,1478-6354,9,5.2,BMC,BMC,0,,,69,https://arthritis-research.biomedcentral.com/,https://openalex.org/S149170128,https://www.ncbi.nlm.nih.gov/nlmcatalog/101154438,,,https://www.ncbi.nlm.nih.gov/nlmcatalog/273853,FALSE,,RHEUMATOLOGY
207,SCANDINAVIAN JOURNAL OF RHEUMATOLOGY,SCAND J RHEUMATOL,RHEUMATOLOGY,0300-9742,1502-7732,0300-9742,19,3.6,TAYLOR & FRANCIS LTD,TAYLOR & FRANCIS LTD,0,,,69,https://www.tandfonline.com/toc/irhe20/current,https://openalex.org/S42124886,https://www.ncbi.nlm.nih.gov/nlmcatalog/321213,,,https://www.ncbi.nlm.nih.gov/nlmcatalog/8603426,FALSE,,RHEUMATOLOGY
208,KIDNEY INTERNATIONAL,KIDNEY INT,UROLOGY & NEPHROLOGY,0085-2538,1523-1755,0085-2538,4,10.6,ELSEVIER SCIENCE INC,ELSEVIER SCIENCE INC,1,2018,4/8/2025,70,https://www.sciencedirect.com/journal/kidney-international,https://openalex.org/S97303050,https://www.ncbi.nlm.nih.gov/nlmcatalog/323470,,,https://www.ncbi.nlm.nih.gov/nlmcatalog/101684752,FALSE,https://www.sciencedirect.com/journal/kidney-international/publish/guide-for-authors,UROLOGY & NEPHROLOGY
209,EUROPEAN UROLOGY,EUR UROL,UROLOGY & NEPHROLOGY,0302-2838,1873-7560,0302-2838,2,20.1,ELSEVIER,ELSEVIER,0,,,70,https://www.journals.elsevier.com/european-urology,https://openalex.org/S96871409,https://www.ncbi.nlm.nih.gov/nlmcatalog/7512719,,,https://www.ncbi.nlm.nih.gov/nlmcatalog/101771568,FALSE,,UROLOGY & NEPHROLOGY
210,Aging Male,AGING MALE,UROLOGY & NEPHROLOGY,1368-5538,1473-0790,1368-5538,14,5.892,TAYLOR & FRANCIS LTD,TAYLOR & FRANCIS LTD,0,,2026/01,70,http://www.tandfonline.com/itam,https://openalex.org/S172622653,https://www.ncbi.nlm.nih.gov/nlmcatalog/9808210,,,https://www.ncbi.nlm.nih.gov/nlmcatalog/101090868,FALSE,https://www.tandfonline.com/action/authorSubmission?show=instructions&journalCode=itam20,ENDOCRINOLOGY & METABOLISM; UROLOGY & NEPHROLOGY
211,PROSTATE CANCER AND PROSTATIC DISEASES,PROSTATE CANCER P D,UROLOGY & NEPHROLOGY,1365-7852,1476-5608,1365-7852,16,5.6,SPRINGERNATURE,SPRINGERNATURE,1,2013,4/8/2025,71,https://www.nature.com/pcan/,https://openalex.org/S107943385,https://www.ncbi.nlm.nih.gov/nlmcatalog/9815755,,,https://www.ncbi.nlm.nih.gov/nlmcatalog/101651112,FALSE,https://www.nature.com/pcan/authors-and-referees/guide-to-authors,ONCOLOGY; UROLOGY & NEPHROLOGY
212,European Urology Oncology,EUR UROL ONCOL,UROLOGY & NEPHROLOGY,N/A,2588-9311,2588-9311,9,7.5,ELSEVIER,ELSEVIER,0,,,71,https://www.journals.elsevier.com/european-urology-oncology,https://openalex.org/S2898501490,https://www.ncbi.nlm.nih.gov/nlmcatalog/101724904,,,https://www.ncbi.nlm.nih.gov/nlmcatalog/101724904,TRUE,,ONCOLOGY; UROLOGY & NEPHROLOGY
213,World Journal of Mens Health,WORLD J MENS HEALTH,UROLOGY & NEPHROLOGY,2287-4208,2287-4690,2287-4208,17,5.4,"PUSAN NATL UNIV MEDICAL SCH, DEPT UROLOGY",KOREAN SOC SEXUAL MEDICINE & ANDROLOGY,0,,,71,https://www.wjmh.org,https://openalex.org/S2764675658,https://www.ncbi.nlm.nih.gov/nlmcatalog/101596899,,,https://www.ncbi.nlm.nih.gov/nlmcatalog/101596899,TRUE,,ANDROLOGY; UROLOGY & NEPHROLOGY